Sample,c,t,g,g,a,a,g,g,t,t,t,a,t,a,c,t,a,g,t,t,c,t,t,t,g,c,t,g,g,c,t,t,g,t,t,t,t,c,a,t,c,t,g,t,c,a,a,c,a,a,c,g,g,c,g,t,t,c,a,c,t,g,c,a,t,a,t,t,a,t,g,g,c,g,a,c,c,g,t,g,a,t,a,t,c,t,c,g,g,c,t,t,a,t,a,g,a,g,c,t,t,t,g,g,g,c,c,t,t,g,t,c,t,a,c,c,g,a,a,a,a,t,a,a,c,t,t,ttc,c,a,tca,c,tataa,at/att,t,t,t,tttttgtttgtttg,t,t,t,t,t,t,t,g,t,a,g,a,t,a,g,a,c,g,a,t,g,t,a,a,t,t,atgtatcaggatttagtattactacttcaac,t,c,c,c,g,a,g,a,a,g,a,t,g,a,c,g,a,a,a,g,t,a,g,t,t,t,c,g,t,g,t,t,a,c,a,t,g,a,a,c,c,ct,gaaacgtttaccatattttttttcagatgtctctttggctgcctagtgaggccactgtctacttgcctcctgtcccagtatctaaggttgtaagcacggatgaatatgttgcacgcacaaacatatattatcatgca,g,a,a,c,t,g,a,c,g,a,g,c,t,a,a,a,a,c,a,a,a,g,c,c,c,c,a,agat,c,g,g,a,a,t,a,a,a,t,g,t,c,a,a,c,t,a,a,a,t,a,g,c,g,c,a,g,g,a,c,c,t,a,a,c,t,c,c,c,g,g,g,ga,g,a,c
1,na,na,na,na,na,na,na,na,na,c,na,na,na,na,na,na,na,na,na,na,t,na,na,na,na,a,na,na,na,na,tg,c,na,na,na,na,na,na,na,na,na,na,na,na,na,na,na,na,g,na,na,na,na,na,na,na,na,na,na,na,na,na,t,na,na,na,na,na,na,na,na,na,na,na,g,a,na,na,na,a,c,na,na,na,na,c,t,na,a,na,na,na,na,na,g,na,na,na,a,na,na,na,na,na,na,a,na,na,na,na,na,na,na,c,na,t,na,na,g,na,na,na,na,na,na,c,na,na,na,na,na,t,na,a,na,na,na,na,na,na,na,na,na,na,na,na,c,na,na,na,na,na,na,t,na,na,na,na,na,na,na,na,na,na,na,na,na,na,t,na,na,a,na,na,na,na,c,na,na,na,na,na,na,c,na,na,na,na,na,g,na,na,na,na,na,na,na,na,na,na,na,na,na,na,na,na,na,na,na,na,g,na,na,na,na,na,na,na,na,g,na,na,na,g,na,na,na,na,na,na,na,na,na,na,acat,a,na,na,na,c,g,na,na,na,na,na,t,na,na,na,na,na,na,na,na,na,na,na,na,na,gc,g,na,na,a,na,na,na,na,na,na,na,na,na,na,na,na,na,na,g,na,na,na
2,na,na,na,na,na,na,na,na,na,na,na,na,na,na,na,na,na,na,c,na,na,na,na,na,na,na,na,na,na,na,tg,na,na,na,na,na,na,na,na,c,na,na,a,na,na,na,na,na,na,na,na,na,na,na,na,na,c,na,na,na,na,a,na,na,na,na,na,na,na,na,na,na,na,na,g,na,na,na,na,na,na,na,na,na,na,na,a,na,na,na,na,na,na,na,na,na,na,na,na,na,na,na,na,na,na,na,na,na,c,na,na,na,na,c,na,na,na,na,g,na,t,na,na,na,na,na,na,na,na,na,na,t,na,a,na,na,na,na,g,na,na,g,na,na,na,na,c,na,na,na,na,na,na,t,na,na,na,na,na,na,na,na,na,na,na,na,na,na,na,na,na,a,na,na,na,na,na,na,na,na,na,na,na,c,na,na,na,na,na,na,na,na,na,na,na,na,na,na,na,na,na,na,na,na,na,na,c,na,na,na,na,na,na,na,na,na,na,na,na,g,na,na,na,g,na,na,t,c,na,na,na,na,na,na,acat,a,na,na,a,na,na,na,na,na,na,na,t,na,na,na,na,na,na,na,na,na,na,na,na,na,gt,g,na,na,a,na,na,na,g,na,na,na,na,na,na,na,na,na,na,g,na,na,na
3,na,na,na,na,na,na,na,na,na,na,na,g,na,na,na,na,na,a,na,na,na,na,na,na,na,na,na,na,na,na,tg,na,na,na,na,na,na,na,na,na,na,na,na,na,na,na,na,na,na,c,na,na,na,na,na,na,na,na,na,na,c,na,na,na,g,na,na,g,na,na,na,na,na,na,g,na,na,na,na,na,na,na,na,na,na,na,t,na,na,na,na,na,na,na,na,na,na,na,a,na,na,na,sh,sh,sh,sh,sh,sh,sh,sh,sh,sh,sh,sh,sh,sh,sh,sh,sh,sh,sh,sh,na,na,na,na,na,na,na,na,na,t,na,a,na,na,na,na,g,na,na,na,na,na,na,na,c,na,na,na,na,na,na,t,na,na,na,na,na,na,na,na,na,na,na,na,na,na,na,na,na,a,na,na,na,na,c,na,na,na,na,na,na,c,na,na,na,na,na,na,na,na,na,na,na,na,na,na,na,na,na,na,c,na,na,na,na,na,na,na,na,na,na,na,na,na,na,na,na,g,na,na,na,g,na,na,na,na,na,na,t,na,na,na,acat,a,na,na,a,na,na,na,g,na,na,na,t,na,na,na,na,na,na,na,na,na,na,na,na,na,gc,g,na,na,a,na,na,na,na,na,na,na,na,na,na,na,na,na,na,g,na,na,na
4,na,na,na,na,na,na,na,na,na,na,na,na,na,na,na,na,na,a,na,na,na,na,na,na,na,na,na,na,na,na,tg,na,na,na,na,na,na,na,na,na,na,na,na,na,na,na,g,na,na,c,na,na,na,na,na,na,na,na,na,na,na,na,na,na,na,g,na,na,na,na,na,na,na,na,g,na,na,na,na,na,na,na,na,na,na,na,t,na,na,na,na,na,na,na,na,na,na,na,a,na,na,na,na,na,na,na,na,na,na,na,na,na,na,c,na,na,na,na,g,na,na,na,na,na,na,na,na,na,na,na,na,t,na,a,na,na,na,na,na,na,na,na,na,na,na,na,a,na,na,na,na,na,na,t,na,na,na,na,na,na,na,na,na,na,na,na,na,na,na,na,na,a,na,na,na,na,c,na,na,na,na,c,na,t,na,na,na,na,na,na,na,na,na,na,na,na,na,na,na,na,na,na,na,na,na,na,na,na,na,na,na,na,na,na,na,na,na,na,na,g,na,na,na,g,na,na,na,c,na,na,t,na,na,na,acat,a,na,na,na,na,na,c,g,c,na,na,t,na,na,na,na,na,na,na,na,c,na,na,na,na,gc,g,na,na,a,na,na,na,na,na,na,na,na,na,na,na,na,na,na,g,na,na,na
5,na,na,na,na,na,na,na,na,na,na,na,na,na,na,na,na,na,na,c,na,na,na,na,na,na,na,na,na,na,na,tg,na,na,na,na,na,na,na,na,c,na,na,a,na,na,na,na,na,na,na,na,na,na,na,na,na,na,na,na,na,na,a,t,na,na,na,na,na,na,na,a,na,na,na,g,na,na,na,na,na,na,na,na,na,na,na,a,na,na,na,na,na,na,na,na,na,na,na,na,na,na,na,na,na,na,na,na,na,c,na,na,na,na,na,na,na,na,na,g,na,na,na,na,na,na,na,na,na,na,na,na,na,na,a,na,na,na,na,na,na,na,na,na,na,na,na,c,na,na,na,na,na,na,t,na,na,na,na,na,na,na,na,na,na,na,na,na,na,na,na,na,a,na,na,na,na,na,na,na,na,na,na,na,c,na,na,na,na,na,na,na,na,na,na,na,na,na,na,na,na,na,na,na,na,na,na,c,na,na,na,na,na,na,na,na,na,na,na,na,g,na,na,na,g,na,na,t,c,na,na,na,na,na,na,acat,a,na,na,a,na,na,na,na,na,na,na,t,na,na,na,na,na,na,na,na,na,na,na,na,na,gt,g,na,na,a,na,na,na,g,na,na,na,na,na,na,na,na,na,na,g,na,na,na
6,na,na,na,na,na,na,na,na,na,na,na,na,na,na,na,na,na,na,na,na,na,na,na,na,na,na,na,na,na,na,tg,na,na,na,na,na,na,na,na,c,na,na,a,na,na,na,na,na,na,na,na,na,na,na,na,na,na,na,na,na,na,na,na,na,na,na,na,na,na,na,na,na,na,na,g,na,na,na,na,na,na,na,na,na,na,na,a,na,na,na,na,na,na,na,na,na,c,na,na,na,na,na,na,na,na,na,na,na,c,na,na,na,na,c,na,na,na,na,g,na,t,na,na,na,na,na,na,na,na,na,na,t,na,a,na,na,na,na,g,na,na,na,na,na,na,na,c,na,na,na,na,na,na,t,na,na,na,na,na,na,na,na,na,na,na,na,na,na,na,na,na,a,na,na,na,na,na,na,na,na,na,na,na,c,na,na,na,na,na,na,na,na,na,na,na,na,na,na,na,na,na,na,na,na,na,na,na,na,na,na,na,na,na,na,na,na,na,na,na,g,na,na,na,g,na,na,na,c,na,na,na,na,na,na,acat,a,na,na,na,na,na,na,na,na,na,na,t,na,na,na,na,na,na,na,na,na,na,na,na,na,gc,g,na,na,a,na,na,na,g,na,na,na,na,na,na,na,na,na,na,g,na,na,na
7,na,na,na,na,na,na,na,na,na,na,na,na,na,na,na,na,na,na,na,na,na,na,na,na,na,na,na,na,na,na,tg,na,na,na,na,na,na,na,na,c,na,na,a,na,na,na,na,na,na,na,na,na,na,na,na,na,na,na,na,na,na,na,na,na,na,na,na,na,na,na,na,na,na,na,g,na,na,na,na,na,na,na,na,na,na,na,a,na,na,na,na,na,na,na,na,na,c,na,na,na,na,na,na,na,na,na,na,na,c,na,na,na,na,na,na,na,na,na,g,na,na,na,na,na,na,na,na,na,na,na,na,na,na,a,na,na,na,na,na,na,na,na,na,na,na,na,c,na,na,na,na,na,na,t,na,na,na,na,na,na,na,na,na,na,na,na,na,na,na,na,na,a,na,na,na,na,na,na,na,na,na,na,na,c,na,na,na,na,na,na,na,na,na,na,na,na,na,na,na,na,na,na,na,na,na,na,na,na,na,na,na,na,na,na,na,na,na,na,na,g,na,na,na,g,na,na,na,c,na,na,na,na,na,na,acat,a,na,na,na,na,na,na,na,na,na,na,t,na,na,na,na,na,na,na,na,na,na,na,na,na,gc,g,na,na,a,na,na,na,g,na,na,na,na,na,na,na,na,na,na,g,na,na,na
8,na,na,na,na,na,na,na,na,na,na,na,na,na,na,na,na,g,na,na,na,na,na,na,c,na,na,na,na,na,na,tg,na,na,na,na,na,na,na,na,na,na,na,na,na,na,na,na,na,na,c,na,na,na,na,na,na,na,na,na,na,na,a,na,na,na,g,na,na,na,na,na,na,na,na,g,na,na,na,na,na,na,na,na,na,na,na,a,na,na,na,na,na,na,na,na,na,c,na,na,na,na,na,na,na,na,na,na,na,c,na,na,na,na,na,na,na,na,na,g,na,na,na,na,na,na,na,na,na,na,na,na,na,na,a,na,na,na,na,na,na,na,na,na,na,na,na,c,na,na,na,na,na,na,t,na,na,na,na,na,na,na,na,na,na,na,na,na,na,na,na,na,a,na,na,na,na,na,na,na,na,na,na,na,c,na,na,na,na,na,na,na,na,na,na,na,na,na,na,na,na,na,na,na,na,na,na,na,na,na,na,na,na,na,na,na,na,na,na,na,g,na,na,na,g,na,na,na,t,na,na,t,na,na,na,acat,a,na,na,na,na,na,na,g,c,na,na,t,na,na,na,na,na,na,na,na,na,na,na,na,na,gc,g,na,na,a,na,na,na,na,na,na,na,na,na,na,na,na,na,na,g,na,na,na
9,na,na,na,na,na,na,na,na,na,na,na,na,na,na,na,na,na,na,na,na,na,na,na,na,na,na,na,na,a,na,tg,na,na,na,na,na,na,na,na,c,na,na,a,na,na,na,na,na,na,na,na,na,na,na,na,na,na,na,na,na,na,na,na,na,na,na,na,na,na,na,na,na,na,na,g,na,na,na,na,na,na,na,na,na,na,na,t,na,na,na,na,na,na,na,na,na,na,na,na,na,na,na,na,na,na,na,na,na,c,na,na,na,na,na,na,na,na,na,g,na,na,na,na,na,na,na,na,na,na,na,na,na,na,a,na,na,na,na,na,na,na,na,na,na,na,na,c,na,na,na,na,na,na,t,na,na,na,na,na,na,na,t,na,na,na,na,na,na,na,na,na,a,na,na,na,na,na,na,na,na,na,na,na,c,na,na,na,na,na,na,na,na,na,na,na,na,na,na,na,na,na,na,na,na,na,na,na,na,na,na,na,na,na,na,na,na,na,na,na,g,na,na,na,g,na,na,na,c,na,na,na,na,na,na,acat,a,na,na,na,na,na,na,na,na,na,na,t,na,na,na,na,na,na,na,na,na,na,na,na,na,gc,g,na,na,a,na,na,na,g,na,na,na,na,na,na,na,na,na,na,g,na,na,na
10,na,na,na,na,na,na,na,na,na,na,na,na,na,na,na,na,na,a,na,na,na,na,na,na,na,na,na,na,na,na,tg,na,na,na,na,na,na,na,na,na,na,na,na,na,na,na,na,na,na,c,na,na,na,na,na,na,na,na,na,na,na,a,na,na,na,g,na,na,na,na,na,na,na,na,g,a,na,na,na,a,na,na,na,na,na,c,t,na,a,na,na,c,na,na,na,na,c,na,a,na,na,na,na,na,na,a,na,na,c,na,na,na,na,na,na,na,na,na,g,na,t,na,na,na,na,na,na,na,na,na,na,t,na,a,na,na,na,na,g,na,na,g,na,na,na,na,c,na,na,na,na,na,na,t,na,na,na,na,na,na,sh,sh,sh,sh,sh,sh,sh,sh,sh,sh,sh,sh,sh,sh,sh,sh,sh,sh,sh,sh,sh,sh,sh,c,na,na,g,na,na,na,na,na,na,na,na,na,na,na,na,na,na,na,na,na,na,na,na,na,na,na,na,na,na,na,na,na,na,na,na,g,na,na,na,g,na,na,na,t,na,na,t,na,na,na,acat,a,na,na,na,na,na,na,g,c,na,na,t,na,na,na,na,na,na,na,na,na,na,na,na,na,gc,g,na,na,a,na,na,na,na,na,na,na,na,na,na,na,na,na,na,g,na,na,na
11,t,na,na,na,na,na,na,na,na,na,na,na,na,na,na,na,na,na,na,na,na,na,na,na,na,na,na,na,a,na,tg,na,na,na,na,na,na,na,na,c,na,na,a,na,na,na,na,na,na,na,na,na,na,na,na,na,na,na,na,na,na,na,na,na,na,na,na,na,na,na,na,na,na,na,g,na,na,na,na,na,na,na,na,na,na,na,t,na,na,na,na,na,na,na,na,na,na,na,na,na,na,na,na,na,na,na,na,na,c,na,na,na,na,na,na,na,na,na,g,na,na,na,na,na,na,na,na,na,na,na,na,na,na,a,na,na,na,na,na,na,na,na,na,na,na,na,c,na,na,na,na,na,na,t,na,na,na,na,na,na,na,t,na,na,na,na,na,na,na,na,na,a,na,na,na,na,na,na,na,na,na,na,na,c,na,na,na,na,na,na,na,na,na,na,na,na,na,na,na,na,na,na,na,na,na,na,na,na,na,na,na,na,na,na,na,na,na,na,na,g,na,na,na,g,na,na,na,c,na,na,na,na,na,na,acat,a,na,na,na,na,na,na,na,na,na,na,t,na,na,na,na,na,na,na,na,na,na,na,na,na,gc,g,na,na,a,na,na,na,g,na,na,na,na,na,na,na,na,na,na,g,na,na,na
12,na,na,na,na,na,na,na,a,na,na,na,na,na,na,na,na,na,na,c,na,na,na,na,na,na,na,na,na,na,na,tg,na,na,na,na,na,na,na,na,c,na,na,a,na,na,na,na,na,na,na,na,na,na,na,na,na,na,na,na,na,na,a,t,na,na,na,na,na,na,na,na,na,na,na,g,na,na,na,na,na,na,na,na,na,na,na,a,na,na,na,na,na,na,na,na,na,na,na,na,na,na,na,na,na,na,na,na,na,c,na,na,na,na,na,na,na,na,na,g,na,na,na,c,na,na,na,na,na,na,na,na,na,na,a,na,na,na,na,na,na,na,na,na,na,na,na,c,na,na,na,na,na,na,t,g,na,na,na,na,na,na,na,na,na,na,na,na,na,na,na,na,a,na,na,na,na,na,na,na,na,na,na,na,c,na,na,na,na,na,na,na,na,na,na,na,na,na,na,na,na,na,na,na,na,na,na,na,na,na,na,na,na,na,na,na,na,na,na,na,g,na,na,na,g,na,na,t,c,na,na,na,na,na,na,acat,a,na,na,a,na,na,na,na,na,na,na,t,na,na,na,c,na,na,na,na,na,na,na,na,na,gc,g,na,na,a,na,na,na,g,na,na,na,na,na,na,na,na,na,na,g,na,na,na
13,na,na,na,na,na,na,na,na,na,na,na,na,na,na,na,na,na,na,na,na,na,na,na,na,na,na,na,na,na,na,tg,na,na,na,na,na,na,na,na,c,na,na,a,na,na,na,na,na,na,na,na,na,na,na,na,na,na,na,na,na,na,na,na,na,na,na,na,na,na,na,na,na,na,na,g,na,na,na,na,na,na,na,na,na,na,na,a,na,na,na,na,na,na,na,na,na,c,na,na,na,na,na,na,na,na,na,na,na,c,na,na,na,na,na,na,na,na,na,g,na,na,na,na,na,na,na,na,na,na,na,na,na,na,a,na,na,na,na,na,na,na,na,na,na,na,na,c,na,na,na,na,na,na,t,na,na,na,na,na,na,na,na,na,na,na,na,na,na,na,na,na,a,na,na,na,na,na,na,na,na,na,na,na,c,na,na,na,na,na,na,na,na,na,na,na,na,na,na,na,na,na,na,na,na,na,na,na,na,na,na,na,na,na,na,na,na,na,na,na,g,na,na,na,g,na,na,na,c,na,na,na,na,na,na,acat,a,na,na,na,na,na,na,na,na,na,na,t,na,na,na,na,na,na,na,na,na,na,na,na,na,gc,g,na,na,a,na,na,na,g,na,na,na,na,na,na,na,na,na,na,g,na,na,na
14,na,na,a,na,na,na,na,na,na,na,na,na,na,na,na,na,na,na,na,na,na,na,na,na,na,na,na,na,na,na,tg,na,na,na,na,na,na,na,na,na,na,na,na,na,na,na,na,na,na,na,na,na,na,na,na,na,na,na,na,na,na,na,t,na,na,na,na,na,na,na,na,na,na,na,g,na,na,na,na,na,na,na,na,na,na,na,t,na,na,na,na,na,na,na,na,na,na,na,a,na,na,na,na,na,na,na,na,na,na,na,na,a,g,na,na,na,na,na,g,c,na,na,na,c,na,na,na,na,na,na,na,t,na,a,na,na,na,na,na,na,na,na,na,na,na,na,c,na,na,na,na,na,na,t,na,na,na,na,na,na,na,na,na,na,na,na,na,na,na,na,na,a,na,na,na,na,c,na,na,na,na,na,na,na,na,na,na,na,na,na,na,na,na,na,na,na,na,na,na,na,na,na,na,na,na,na,na,na,na,na,na,na,na,na,na,na,na,na,na,g,na,na,na,g,na,na,na,na,na,na,na,na,na,na,acat,a,na,na,a,na,na,na,na,na,na,na,t,na,na,na,na,na,na,na,na,na,na,na,na,na,gc,g,na,na,a,na,na,na,na,na,na,na,na,na,na,na,na,na,na,g,na,na,na
15,na,na,na,na,na,na,na,na,na,na,g,na,na,na,na,na,na,a,na,na,na,na,na,na,na,na,na,na,na,na,tg,na,na,na,na,na,na,na,na,na,na,na,na,na,na,na,na,na,na,c,na,na,na,na,na,na,na,na,na,na,na,na,na,na,na,na,na,na,na,na,na,na,na,na,g,na,na,na,na,na,na,na,na,na,na,na,t,na,na,na,na,na,na,na,na,na,na,na,a,na,na,na,na,na,na,na,na,na,na,na,na,na,na,c,na,na,na,na,g,na,na,na,na,na,na,na,na,na,na,na,na,t,na,a,na,na,na,na,na,na,na,na,na,na,g,na,a,na,na,na,na,na,na,t,na,na,na,na,na,g,c,na,na,na,na,na,na,na,na,na,na,a,na,na,na,na,c,na,na,na,na,na,na,g,na,na,na,na,na,na,na,na,na,na,na,na,na,na,na,na,na,na,na,na,na,na,na,na,na,na,na,na,na,na,g,na,na,na,na,g,na,na,na,g,na,na,na,na,na,na,t,na,na,na,acat,a,na,na,a,na,na,na,g,na,na,na,t,na,na,na,na,na,na,na,na,na,na,na,na,na,gc,g,na,na,a,na,na,na,na,na,na,na,na,na,na,na,na,na,na,g,a,na,na
16,na,na,na,na,na,na,na,a,na,na,na,na,na,na,na,na,na,na,c,na,na,na,na,na,na,na,na,na,na,na,tg,na,na,na,na,g,na,na,na,c,na,na,a,na,na,na,na,na,na,na,na,na,na,na,na,na,na,na,na,na,na,a,t,na,na,na,na,na,na,na,na,na,na,a,g,na,na,na,na,na,na,na,na,na,na,na,a,na,na,na,na,na,na,na,na,na,na,na,na,na,na,na,na,na,na,na,na,na,c,na,na,na,na,na,na,na,na,na,g,na,na,na,na,na,na,na,na,na,na,na,na,na,na,na,na,na,na,na,na,na,na,na,na,na,na,na,c,na,na,na,na,na,na,t,na,na,na,na,na,na,na,na,na,na,na,na,na,na,na,na,na,a,na,na,na,na,na,na,na,na,na,na,na,c,na,na,na,na,na,na,na,na,na,na,na,na,na,na,na,na,na,na,na,na,na,na,na,na,na,na,na,na,na,na,na,na,na,na,na,g,na,na,na,g,na,na,t,c,na,na,na,g,na,na,acat,a,na,na,a,na,na,na,na,na,na,na,t,na,na,na,na,na,na,na,na,na,na,na,na,na,gc,g,na,na,a,na,na,na,g,na,na,na,na,na,na,na,na,na,na,g,na,na,na
17,na,na,na,na,na,na,na,na,na,na,na,na,na,na,na,na,na,na,c,na,na,na,na,na,na,na,na,na,na,na,tg,na,na,na,na,na,na,na,na,c,na,na,a,na,na,na,na,na,na,na,na,na,na,na,na,na,na,na,na,na,na,a,t,na,na,na,na,na,na,na,na,na,na,na,g,na,na,na,na,na,na,na,na,na,na,na,a,na,na,na,na,na,na,na,na,na,na,na,na,na,na,na,na,na,na,na,na,na,c,na,na,na,na,na,na,na,na,na,g,na,na,na,na,na,na,na,na,na,na,na,na,na,na,na,na,na,na,na,tttg,na,na,na,na,na,na,na,c,na,na,na,na,na,na,t,na,na,na,na,na,na,na,na,na,na,na,na,na,na,na,na,na,a,na,na,na,na,na,na,na,na,na,na,na,c,na,na,na,na,na,na,na,na,na,na,na,na,na,na,na,na,na,na,na,na,na,na,na,na,na,na,na,na,na,na,na,na,na,na,na,g,na,na,na,g,na,na,na,c,na,na,na,na,na,na,acat,a,na,na,a,na,na,na,na,na,na,na,t,na,na,na,na,na,na,na,na,na,na,na,na,na,gc,g,na,na,a,na,na,na,g,na,na,na,na,na,na,na,na,na,na,g,na,na,na
18,t,na,na,na,na,na,na,na,g,na,na,na,na,na,na,na,g,na,na,na,na,na,na,c,a,na,na,na,na,na,tg,na,na,na,na,na,na,na,na,na,na,na,a,na,na,na,na,na,g,na,na,na,na,na,na,na,c,na,na,na,na,a,na,na,na,na,na,na,na,na,na,a,na,na,g,a,na,na,na,a,na,g,na,na,na,c,t,na,a,na,na,c,na,na,na,na,na,na,a,na,na,na,na,na,na,a,na,na,na,na,na,na,na,c,na,na,na,na,g,na,t,na,na,na,na,na,na,na,na,na,na,t,na,a,na,na,na,na,g,na,na,g,na,na,na,na,c,na,na,na,na,na,na,t,na,na,na,na,na,na,na,na,na,na,na,na,na,na,na,na,na,a,na,na,na,na,na,na,na,na,na,na,na,c,na,na,na,na,na,na,na,na,na,na,na,na,na,g,na,na,na,na,c,na,na,na,na,na,na,na,na,na,na,na,na,na,na,na,na,g,na,na,na,g,g,na,na,na,na,na,na,na,na,na,acat,a,na,na,a,na,na,na,na,na,c,c,t,c,na,na,na,t,na,c,c,na,na,g,na,na,gc,g,na,na,a,na,na,na,na,na,c,na,na,na,na,na,na,na,na,g,na,na,na
19,t,na,na,na,na,na,na,na,g,na,na,na,na,na,na,na,g,na,na,na,na,na,na,c,na,na,na,na,na,na,tg,na,na,na,na,na,na,na,na,na,na,na,a,na,na,na,na,na,g,na,na,na,na,na,na,na,c,na,na,na,na,a,na,na,na,na,na,na,na,na,na,a,na,na,g,a,na,na,na,a,na,g,na,na,na,c,t,na,a,na,na,c,na,na,na,na,na,na,a,na,na,na,na,na,na,a,na,na,na,na,na,na,na,c,na,na,na,na,g,na,t,na,na,na,na,na,na,na,na,na,na,t,na,a,na,na,tg,na,g,na,na,g,na,na,na,na,c,na,na,na,na,na,na,t,na,na,na,na,na,na,na,na,na,na,na,na,na,na,na,na,na,a,na,na,na,na,c,na,na,na,na,na,na,c,na,na,na,na,na,na,na,na,na,na,na,na,na,g,na,na,na,na,c,na,na,na,na,na,na,na,na,na,na,na,na,na,na,na,na,g,na,na,na,g,g,na,na,na,na,na,na,na,na,na,acat,a,na,na,a,na,na,na,na,na,c,c,t,c,na,na,na,t,na,c,c,na,na,g,na,na,gc,g,na,na,a,na,na,na,na,na,c,na,na,na,na,na,na,na,na,g,na,na,na
20,t,na,na,na,na,na,na,a,g,na,na,na,na,na,na,na,g,na,na,na,na,na,c,c,na,na,na,na,na,na,tg,na,na,na,na,na,na,na,na,na,na,na,a,na,na,na,na,na,g,na,na,na,na,na,na,na,na,na,na,na,na,a,na,na,na,na,na,na,na,na,na,a,na,na,g,a,na,na,na,a,na,na,na,na,na,c,t,na,a,na,na,c,na,na,na,na,na,na,a,na,na,na,na,na,na,a,na,na,na,na,na,na,na,c,na,na,na,na,g,na,t,na,na,na,na,na,na,na,na,na,na,t,na,na,na,na,tg,na,ttg,na,na,na,na,na,na,na,c,na,na,na,na,na,na,t,na,na,na,na,na,na,na,na,na,na,na,na,na,na,na,na,na,a,na,na,na,na,c,na,na,na,na,na,na,c,na,na,na,na,na,na,na,na,na,na,na,na,na,na,na,c,na,na,c,na,na,na,na,na,na,na,na,na,na,na,na,na,na,na,na,g,na,na,na,g,na,na,na,na,na,na,na,na,na,na,acat,a,na,na,a,na,na,na,na,na,c,c,t,c,na,na,na,t,na,c,na,na,na,na,na,na,gc,g,na,na,a,na,na,na,na,na,c,na,na,na,na,na,na,na,a,g,na,g,na
21,t,na,na,na,na,na,na,na,g,na,na,na,na,na,na,na,g,na,na,na,na,na,c,c,na,na,na,na,na,na,tg,na,na,na,na,na,na,na,na,na,na,na,a,na,na,na,na,na,g,na,na,na,na,na,na,na,na,na,na,na,na,a,na,na,na,na,na,na,na,na,na,a,na,na,g,a,na,na,na,a,na,na,na,na,na,c,t,na,a,na,na,c,na,na,na,na,na,na,a,na,na,na,na,na,na,a,na,na,na,na,na,na,na,c,na,na,na,na,g,na,t,na,na,sh,na,na,na,na,na,na,na,t,na,na,na,na,na,na,ttg,na,na,na,na,na,na,na,c,na,na,na,na,na,na,t,na,na,na,na,na,na,na,na,na,na,na,na,na,na,na,na,na,a,na,na,na,na,c,na,na,na,na,na,na,c,na,na,na,na,na,na,na,na,na,na,na,na,na,na,na,c,na,na,c,na,na,na,na,na,na,na,na,na,na,na,na,na,na,na,na,g,na,na,na,g,na,na,na,na,na,na,na,na,na,na,acat,a,na,na,a,na,na,na,na,na,c,c,t,c,na,na,na,t,na,c,na,na,na,na,na,na,gc,g,na,na,a,na,na,na,na,na,c,na,na,na,na,na,na,na,a,g,na,g,na
22,t,na,na,na,na,na,na,na,g,na,na,na,na,na,na,na,g,na,na,na,na,na,na,c,na,na,na,na,na,na,tg,na,na,na,na,na,na,na,na,na,na,na,a,na,na,na,na,na,g,na,na,a,na,na,na,na,na,na,na,na,na,a,na,na,na,na,na,na,na,na,na,a,na,na,g,a,na,na,na,a,na,na,na,na,na,c,t,na,a,na,na,c,na,na,na,na,na,na,a,na,na,na,na,na,na,a,na,na,na,na,na,na,na,c,na,na,sh,sh,sh,sh,sh,sh,sh,sh,sh,sh,sh,sh,sh,sh,sh,sh,sh,sh,sh,sh,sh,sh,sh,sh,sh,sh,sh,sh,sh,sh,sh,sh,sh,sh,sh,sh,sh,sh,sh,sh,sh,sh,sh,sh,na,na,na,na,na,na,t,na,na,na,na,a,na,na,na,na,c,a,na,na,na,na,na,c,na,na,na,na,na,na,na,t,na,na,na,na,na,na,na,na,na,na,c,na,na,na,na,na,na,na,na,na,na,na,na,na,na,na,na,g,na,na,na,g,na,na,na,na,na,na,na,na,na,na,acat,a,na,na,a,na,na,na,na,na,c,c,t,c,na,na,na,t,na,c,c,na,na,na,na,na,gc,g,na,na,a,na,na,na,na,na,c,na,na,na,a,na,na,na,a,g,na,na,na
23,t,na,na,na,c,na,na,na,g,na,na,na,na,na,na,na,g,na,na,na,na,na,na,c,na,na,na,na,na,na,tg,na,na,na,na,na,na,na,na,na,na,na,a,na,na,na,na,na,g,na,na,na,na,na,na,na,na,na,na,na,na,a,na,na,na,na,na,na,na,na,na,a,sh,sh,sh,sh,sh,sh,sh,sh,sh,sh,sh,sh,sh,sh,sh,sh,sh,sh,sh,sh,sh,sh,sh,sh,sh,sh,sh,sh,sh,sh,sh,sh,sh,sh,sh,sh,sh,sh,sh,sh,sh,sh,sh,sh,sh,sh,sh,sh,sh,sh,sh,na,sh,sh,sh,sh,sh,sh,sh,sh,sh,sh,sh,sh,sh,sh,sh,sh,sh,sh,sh,sh,sh,sh,sh,sh,sh,sh,sh,sh,sh,sh,sh,sh,sh,sh,sh,sh,sh,sh,sh,sh,sh,sh,sh,sh,sh,sh,sh,sh,sh,sh,sh,sh,sh,sh,sh,sh,na,na,na,c,na,na,na,a,na,na,na,na,na,na,na,na,na,na,na,na,na,na,c,na,na,na,na,na,na,na,na,na,na,na,na,na,na,na,na,g,na,g,na,g,na,na,na,na,na,na,na,na,na,na,acat,a,na,na,a,na,na,na,na,na,c,c,t,c,na,na,na,t,na,c,na,na,na,na,na,na,gc,g,na,na,a,na,na,na,na,na,c,na,na,na,na,na,na,na,a,g,na,na,na
24,t,na,na,na,na,na,na,a,g,na,na,na,na,na,na,na,g,na,na,na,na,na,c,c,na,na,na,na,na,na,tg,na,na,na,na,na,na,na,na,na,na,na,a,na,na,na,na,na,g,na,na,na,na,na,na,na,c,na,na,na,na,a,na,na,na,na,na,na,na,na,na,a,na,na,g,a,na,na,na,a,na,g,na,na,na,c,t,na,a,na,na,c,na,na,na,na,na,na,a,na,na,na,na,na,na,a,t,na,na,na,na,na,na,c,na,na,na,na,g,na,t,na,na,na,na,na,na,na,na,na,na,t,na,a,na,na,na,na,g,na,na,g,na,na,na,na,c,na,na,na,na,na,na,t,na,na,na,na,na,na,na,na,na,na,na,na,na,na,na,na,na,a,na,na,na,na,c,na,na,na,na,na,na,c,na,na,na,na,na,na,na,na,na,na,na,na,na,g,na,na,na,na,c,na,na,na,na,na,na,na,na,na,na,na,na,na,na,na,na,g,na,na,na,g,g,na,na,na,na,na,na,na,na,na,acat,a,na,na,a,na,na,na,na,na,c,c,t,c,na,na,na,t,na,c,c,na,na,g,na,na,gc,g,na,na,a,na,na,na,na,na,c,na,na,na,na,na,na,na,a,g,na,na,na
25,t,na,na,na,na,na,na,na,g,na,na,na,na,na,na,na,g,na,na,na,na,na,na,c,na,na,na,na,na,na,tg,na,na,na,na,na,na,na,na,na,na,na,a,na,na,na,na,na,g,na,na,na,na,na,na,na,na,na,g,na,na,a,na,g,na,na,na,na,na,na,na,na,sh,sh,g,a,na,na,na,a,na,na,na,na,na,c,t,na,a,na,na,c,na,na,na,na,na,na,a,na,na,na,na,na,na,a,na,g,na,na,na,na,na,c,na,na,na,na,g,na,t,na,na,na,na,na,na,na,na,na,na,t,na,na,na,na,tg,na,ttg,na,na,na,na,na,na,na,c,na,na,na,na,na,na,t,na,na,na,na,na,na,na,na,na,na,na,na,na,na,na,na,na,a,na,na,na,na,c,na,na,na,na,na,na,c,na,na,na,na,na,na,na,na,na,na,na,na,na,na,na,na,na,na,c,na,na,na,na,na,na,na,na,na,na,na,na,na,na,na,na,g,na,na,na,g,na,na,na,na,na,na,na,na,na,na,acat,a,na,na,a,na,na,na,na,na,c,c,t,c,na,na,na,t,na,c,na,na,na,na,na,na,gc,g,na,na,a,g,na,na,na,na,c,na,na,na,na,na,na,na,a,g,na,na,na
26,t,na,na,na,na,na,na,na,g,na,na,na,na,na,na,na,g,na,na,na,na,na,na,c,na,na,na,c,na,na,tg,na,na,na,na,na,na,na,na,na,na,na,a,na,na,na,na,na,g,na,na,na,na,na,na,na,c,na,na,na,na,a,na,na,na,na,na,na,na,na,na,a,na,na,g,a,na,na,na,a,na,g,na,na,na,c,t,na,a,na,na,c,na,na,na,na,na,na,a,na,na,na,na,na,na,a,na,na,na,na,na,na,na,c,na,na,na,na,g,na,t,na,na,na,na,na,na,na,na,na,na,t,na,a,na,na,na,na,g,na,na,g,na,na,na,na,c,na,na,na,na,na,na,t,na,na,na,na,na,na,na,na,na,na,na,na,na,na,na,na,na,a,na,na,na,na,c,na,na,na,na,na,na,c,na,na,na,na,na,na,na,na,na,na,na,na,na,g,na,na,na,na,c,na,na,na,na,na,na,na,na,na,na,na,na,na,na,na,na,g,na,na,na,g,g,na,na,na,na,na,na,na,na,na,acat,a,na,na,a,na,na,na,na,na,c,c,t,c,na,na,na,t,na,c,c,na,na,g,na,na,gc,g,na,na,a,na,na,na,na,na,c,na,na,na,na,na,na,na,a,g,na,na,na
27,t,na,na,na,na,na,na,na,g,na,na,na,na,na,na,na,g,na,na,na,na,na,na,c,na,na,na,na,na,na,tg,na,na,na,na,na,na,na,na,na,na,na,a,na,na,na,na,na,g,na,na,na,na,na,na,na,na,na,na,na,na,a,na,na,na,na,na,na,na,na,na,a,na,na,g,a,na,na,na,a,na,na,na,na,na,c,t,na,a,na,na,c,na,na,na,na,na,na,a,na,na,na,na,na,na,a,na,na,na,na,na,na,na,c,na,na,na,na,g,na,t,na,na,na,na,na,na,na,na,na,na,t,na,a,na,na,na,na,g,na,na,g,na,na,na,na,c,na,na,na,na,na,na,t,na,na,na,na,na,na,na,na,na,na,na,na,na,na,na,na,na,a,na,na,na,na,c,na,na,na,na,na,na,c,na,na,na,na,na,na,na,na,na,na,na,na,na,na,na,na,na,na,c,na,na,na,na,na,na,na,na,na,na,na,na,na,na,na,na,g,na,na,na,g,na,na,na,na,na,na,na,na,na,na,acat,a,na,na,a,na,na,na,na,na,c,c,t,c,na,na,na,t,na,c,c,na,na,na,na,na,gc,g,na,na,a,na,na,na,na,na,c,na,na,na,na,na,na,na,a,g,na,na,na
28,t,na,na,na,na,na,na,a,g,na,na,na,na,na,na,na,g,na,na,na,na,na,na,c,na,na,na,na,na,na,tg,na,na,na,na,na,na,na,na,na,na,na,a,na,na,na,na,na,g,na,na,a,na,na,na,na,na,na,na,na,na,a,na,na,na,na,na,na,na,na,na,a,na,na,g,a,na,na,na,a,na,na,na,na,na,c,t,na,a,na,na,c,na,na,na,na,na,na,a,na,na,na,na,na,na,a,na,na,na,na,na,na,na,c,na,na,na,na,g,na,t,na,na,na,na,na,na,na,t,t,na,t,na,a,na,na,na,na,g,na,na,g,na,na,na,na,c,na,na,na,na,na,na,t,na,na,c,na,na,na,na,na,na,na,na,na,t,na,na,na,na,a,na,na,na,na,c,a,na,na,na,na,na,c,na,na,na,na,na,na,na,t,na,na,na,na,na,na,na,na,na,na,c,na,na,na,na,na,na,na,na,na,na,na,na,na,na,na,na,g,na,na,na,g,na,na,na,na,na,na,na,na,na,na,acat,a,na,na,a,na,na,na,na,na,c,c,t,c,na,na,na,t,na,c,c,na,na,na,na,na,gc,g,na,na,a,na,na,na,na,na,c,na,na,na,a,na,na,na,a,g,na,na,na
29,t,na,na,na,na,na,na,na,g,na,na,na,na,na,na,na,g,na,na,na,na,na,c,c,na,na,na,na,na,na,tg,na,na,na,na,na,na,na,t,na,na,na,a,na,na,na,na,na,g,na,na,na,na,na,na,na,na,na,na,na,na,a,na,na,na,na,na,na,na,na,na,a,na,na,g,a,na,na,na,a,na,na,na,na,na,c,t,na,a,na,na,c,na,na,na,na,na,na,a,na,na,na,na,na,na,a,na,na,na,na,na,na,na,c,na,na,na,na,g,na,t,na,na,na,na,na,na,na,na,na,na,t,na,a,na,na,na,na,g,na,na,na,na,na,na,na,c,na,na,na,na,na,na,t,na,na,na,na,na,na,na,na,na,na,na,na,na,na,na,na,na,a,na,na,na,na,c,na,na,na,na,na,na,c,na,na,na,na,na,na,na,na,na,na,na,na,na,na,na,na,na,na,c,na,na,na,na,na,na,na,na,na,na,na,na,na,na,na,na,g,na,na,na,g,na,na,na,na,na,na,na,na,na,na,acat,a,na,na,a,na,na,na,na,na,c,c,t,c,na,na,na,t,na,c,na,na,na,na,na,na,gc,g,na,na,a,na,na,na,na,na,c,na,na,na,na,na,na,na,a,g,na,na,na
30,t,na,na,na,na,na,na,na,g,na,na,na,na,na,na,na,g,na,na,na,na,na,c,c,na,na,na,na,na,na,tg,na,na,na,na,na,na,na,t,na,na,na,a,na,na,na,na,na,g,na,na,na,na,na,na,na,na,na,na,na,na,a,na,na,na,na,na,na,na,na,na,a,na,na,g,a,na,na,na,a,na,na,na,na,na,c,t,na,a,na,na,c,na,na,na,na,na,na,a,na,na,na,na,na,na,a,na,na,na,na,na,na,na,c,na,na,na,na,g,na,t,na,na,na,na,na,na,na,na,na,na,t,na,a,na,na,na,na,g,na,na,na,na,na,na,na,c,na,na,na,na,na,na,t,na,na,na,na,na,na,na,na,na,na,na,na,na,na,na,na,na,a,na,na,na,na,c,na,na,na,na,na,na,c,na,na,na,na,na,na,na,na,na,na,na,na,na,na,na,na,na,na,c,na,na,na,na,na,na,na,na,na,na,na,na,na,na,na,na,g,na,na,na,g,na,na,na,na,na,na,na,na,na,na,acat,a,na,na,a,na,na,na,na,na,c,c,t,c,na,na,na,t,na,c,na,na,na,na,na,na,gc,g,na,na,a,na,na,na,na,na,c,na,na,na,na,na,na,na,a,g,na,na,na
31,t,na,na,na,na,na,na,na,g,na,na,na,na,na,na,na,g,na,na,na,na,na,c,c,na,na,na,na,na,na,tg,na,na,na,na,na,na,na,t,na,na,na,a,na,na,na,na,na,g,na,na,na,na,na,na,na,na,na,na,na,na,a,na,na,na,na,na,na,na,na,na,a,na,na,g,a,na,na,na,a,na,na,na,na,na,c,t,na,a,na,na,c,na,na,na,na,na,na,a,na,na,na,na,na,na,a,na,na,na,na,na,na,na,c,na,na,na,na,g,na,t,na,na,na,na,na,na,na,na,na,na,t,na,a,na,na,na,na,g,na,na,na,na,na,na,na,c,na,na,na,na,na,na,t,na,na,na,na,na,na,na,na,na,na,na,na,na,na,na,na,na,a,na,na,na,na,c,na,na,na,na,na,na,c,na,na,na,na,na,na,na,na,na,na,na,na,na,na,na,na,na,na,c,na,na,na,na,na,na,na,na,na,na,na,na,na,na,na,na,g,na,na,na,g,na,na,na,na,na,na,na,na,na,na,acat,a,na,na,a,na,na,na,na,na,c,c,t,c,na,na,na,t,na,c,na,na,na,na,na,na,gc,g,na,na,a,na,na,na,na,na,c,na,na,na,na,na,na,na,a,g,na,na,na
32,t,na,na,na,na,na,na,na,g,na,na,na,na,na,na,na,g,na,na,na,na,na,c,c,na,na,na,na,na,na,tg,na,na,na,na,na,na,na,na,na,na,na,a,na,na,na,na,na,na,na,na,na,na,na,na,na,na,na,na,na,na,na,na,na,na,na,na,na,na,na,na,na,na,na,g,na,na,na,na,na,na,na,na,na,na,na,a,na,na,na,na,na,na,na,na,na,c,na,na,na,na,na,na,na,na,na,na,na,c,na,na,na,na,sh,sh,sh,sh,sh,sh,sh,sh,sh,sh,sh,sh,sh,sh,sh,sh,sh,sh,sh,sh,sh,sh,sh,sh,sh,sh,sh,sh,sh,sh,sh,sh,sh,sh,sh,sh,sh,sh,sh,sh,sh,sh,sh,sh,sh,sh,sh,na,na,na,na,na,na,na,na,na,na,na,a,na,na,na,na,c,na,na,na,na,na,na,c,na,na,na,na,na,na,na,na,na,na,na,na,na,na,na,na,na,na,na,na,na,na,na,na,na,c,na,na,na,na,na,na,na,na,na,g,na,na,na,g,na,na,na,na,na,na,na,na,na,na,acat,a,na,na,a,na,na,na,na,na,c,c,t,c,na,na,na,t,na,c,na,na,na,na,na,na,gc,g,na,na,a,na,na,na,na,na,c,na,na,na,na,na,a,na,a,g,na,g,na
33,t,na,na,a,na,na,na,na,g,na,na,na,na,na,na,na,na,na,na,na,na,na,na,na,na,na,na,na,na,na,tg,na,na,na,na,na,na,na,na,c,na,na,a,na,na,na,na,na,na,na,na,na,na,na,na,na,na,na,na,na,na,a,na,na,na,na,na,na,na,na,na,a,na,na,g,a,na,na,na,a,na,na,na,na,na,c,t,na,a,na,na,c,na,na,na,a,na,c,a,na,na,na,a,a,na,a,na,na,na,a,na,na,na,c,na,na,na,na,g,na,t,na,na,na,na,na,na,na,t,na,na,t,na,a,na,na,na,na,g,na,na,g,na,na,na,na,c,na,na,na,na,na,na,t,na,na,c,na,na,na,na,na,na,na,na,na,t,na,na,na,na,a,na,na,na,na,c,a,na,na,na,na,na,c,na,na,na,na,na,na,na,t,na,na,na,na,na,na,na,na,na,na,c,na,na,na,na,na,na,na,na,na,na,na,na,na,na,na,na,g,na,na,na,g,na,na,na,na,na,na,na,na,na,na,acat,a,na,na,a,na,na,na,na,na,c,c,t,c,na,na,na,t,na,c,c,na,na,na,na,na,gc,g,na,na,a,na,na,na,na,na,c,na,na,na,na,na,na,na,a,g,na,na,na
34,t,na,na,na,na,na,na,na,g,na,na,na,na,na,na,na,g,na,na,na,na,na,na,c,na,na,na,na,na,na,tg,na,na,na,na,na,na,na,na,na,na,na,a,na,na,na,na,na,g,na,na,na,na,na,na,na,na,na,na,na,na,a,na,na,na,na,na,na,na,na,na,a,na,na,g,a,na,na,na,a,na,na,na,na,na,c,t,na,a,na,na,c,na,na,na,na,na,na,a,na,na,na,na,na,na,a,na,na,na,na,na,na,na,c,na,na,na,na,g,na,t,na,na,na,na,na,na,na,na,na,na,t,na,a,na,na,na,na,g,na,na,g,g,na,na,na,c,na,na,na,na,na,na,t,na,na,na,na,na,na,na,na,na,na,na,na,t,na,na,na,na,a,na,na,na,na,c,a,na,na,na,na,na,c,na,na,na,na,na,na,na,t,na,na,na,na,na,na,na,na,na,na,c,na,na,na,na,na,na,na,na,na,na,c,na,na,na,c,na,g,na,na,na,g,na,na,na,na,na,na,na,na,na,na,acat,a,na,na,a,na,na,na,na,na,c,c,t,c,na,na,na,t,na,c,c,na,na,na,a,na,gc,g,na,na,a,na,na,na,na,na,c,na,c,na,na,na,na,na,a,g,na,na,na
35,t,na,na,na,na,na,na,na,g,na,na,na,na,na,na,na,g,na,na,na,na,na,na,c,na,na,na,na,na,na,tg,na,na,na,na,na,na,na,t,na,na,na,a,na,na,na,na,na,g,na,na,na,na,na,na,na,c,na,na,na,na,a,na,na,na,na,na,na,na,na,na,a,na,na,g,a,na,na,na,a,na,g,na,na,na,c,t,na,a,na,na,c,na,na,na,na,na,na,a,na,na,na,na,na,na,a,na,na,na,na,na,na,na,c,na,na,na,na,g,na,t,na,na,na,na,na,na,na,na,na,na,t,na,a,na,na,na,na,g,na,na,g,na,na,na,na,c,na,a,na,na,na,na,t,na,na,na,na,na,na,na,na,na,na,na,na,na,na,na,na,na,a,na,na,na,na,c,na,na,na,na,na,na,c,na,na,na,na,na,na,na,na,na,na,na,na,na,g,na,na,na,na,c,na,na,na,na,na,na,na,na,na,na,na,na,na,na,na,a,g,na,na,na,g,g,na,na,na,na,na,na,na,na,na,acat,a,na,na,a,na,na,na,na,na,c,c,t,c,na,na,na,t,na,c,c,na,na,g,na,na,gc,g,na,na,a,na,na,na,na,na,c,na,na,na,na,na,na,na,a,g,na,na,na
36,t,na,na,na,na,na,na,na,g,na,na,na,na,na,na,na,g,na,na,na,na,na,c,c,na,na,na,na,na,na,tg,na,na,na,na,na,na,na,na,na,na,na,a,na,na,na,na,na,g,na,na,na,na,na,na,na,na,na,na,na,na,a,na,na,na,na,na,na,na,na,na,a,na,na,g,a,na,na,na,a,na,na,na,na,na,c,t,na,a,na,na,c,na,na,na,na,na,na,a,a,na,na,na,na,na,a,na,na,na,na,na,na,na,c,na,na,na,na,g,na,t,na,na,na,na,na,na,na,na,na,na,t,na,a,na,na,na,na,g,na,na,na,na,na,na,na,c,na,na,na,na,na,na,t,na,na,na,na,na,na,na,na,na,na,na,na,na,na,na,na,na,a,na,na,na,na,c,na,na,na,na,na,na,c,na,na,na,na,na,na,na,na,na,na,na,na,na,na,na,na,na,na,c,na,na,na,na,na,na,na,na,na,na,na,na,na,na,na,na,g,na,na,na,g,na,na,na,na,na,na,na,na,na,na,acat,a,na,na,a,na,na,na,na,na,c,c,t,c,na,na,na,t,na,c,na,na,na,na,na,na,gc,g,na,na,a,na,na,na,na,na,c,na,na,na,na,na,na,na,a,g,na,na,na
37,t,na,na,na,na,na,na,na,g,na,na,na,na,na,na,na,g,na,na,na,na,na,na,c,na,na,na,na,na,na,tg,na,na,na,na,na,na,na,na,na,na,na,a,na,na,na,na,na,g,na,na,na,na,na,na,na,c,na,na,na,na,a,na,na,na,na,na,na,na,na,na,a,na,na,g,a,na,na,na,a,na,g,na,na,na,c,t,na,a,na,na,c,na,na,na,na,na,na,a,na,na,na,na,na,na,a,na,na,na,na,na,na,na,c,na,na,na,na,g,na,t,na,na,na,na,na,na,na,na,na,na,t,na,a,na,na,na,na,g,na,na,g,na,na,na,na,c,na,na,na,na,na,na,t,na,na,na,na,na,na,na,na,na,na,na,na,na,na,na,na,na,a,na,na,na,na,c,na,na,na,na,na,na,c,na,na,na,na,na,na,na,na,na,na,na,na,na,g,na,na,na,na,c,na,na,na,na,na,na,na,na,na,na,na,na,na,na,na,na,g,na,na,na,g,g,na,na,na,na,na,na,na,na,na,acat,a,na,na,a,na,na,na,na,na,c,c,t,c,na,na,na,t,na,c,c,na,na,g,na,na,gc,g,na,na,a,na,na,na,na,na,c,na,na,na,na,na,na,na,a,g,na,na,na
38,t,na,na,na,na,na,na,na,g,na,na,na,na,na,na,na,g,na,na,na,na,na,na,c,na,na,na,na,na,na,tg,na,na,na,na,na,na,na,na,na,na,na,a,na,na,na,na,na,g,na,na,na,na,na,na,na,c,na,na,na,na,a,na,na,na,na,na,na,na,na,na,a,na,na,g,a,na,na,na,a,na,g,na,na,na,c,t,na,a,na,na,c,na,na,na,na,na,na,a,na,na,na,na,na,na,a,na,na,na,na,na,na,na,c,na,na,na,na,g,na,t,na,na,na,na,na,na,na,na,na,na,t,na,a,na,na,na,na,g,na,na,g,na,na,na,na,c,na,na,na,na,na,na,t,na,na,na,na,na,na,na,na,na,na,na,na,na,na,na,na,na,a,na,na,na,na,c,na,na,a,na,na,na,c,na,na,na,na,na,na,na,na,na,na,na,na,na,g,na,na,na,na,c,na,na,na,na,na,na,na,na,na,na,na,na,na,na,na,na,g,na,na,na,g,g,na,na,na,na,na,na,na,na,na,acat,a,na,na,a,na,na,na,na,na,c,c,t,c,na,na,na,t,na,c,c,na,na,g,na,na,gc,g,na,na,a,na,na,na,na,na,c,na,na,na,na,na,na,na,a,g,na,na,na
39,t,na,na,na,na,na,na,na,g,na,na,na,na,na,na,na,g,na,na,na,na,na,na,c,na,na,na,na,na,na,tg,na,na,na,na,na,na,na,na,na,na,na,a,na,na,na,na,na,g,na,na,na,na,na,na,na,na,na,na,na,na,a,na,na,na,na,na,na,na,na,na,a,na,na,g,a,na,na,na,a,na,na,na,na,na,c,t,na,a,na,na,c,na,na,na,na,na,na,a,na,na,na,na,na,na,a,na,na,na,na,na,na,na,c,na,na,na,na,g,na,t,na,na,na,na,na,na,na,na,na,na,t,na,a,na,na,na,na,g,na,na,g,na,na,na,na,c,na,na,na,na,g,na,t,na,na,na,na,na,na,na,na,na,na,na,na,t,na,na,na,na,a,na,na,na,na,c,a,na,na,na,na,na,c,na,na,na,na,na,na,na,na,na,na,na,na,na,na,na,na,na,na,c,na,na,na,na,na,na,na,na,na,na,na,na,na,na,na,na,g,na,na,na,g,na,na,na,na,na,na,na,na,na,na,acat,a,na,na,a,na,na,na,na,na,c,c,t,c,na,na,na,t,na,c,t,na,g,na,na,t,gc,g,na,na,a,na,na,na,na,na,c,na,na,na,na,a,na,na,a,g,na,na,na
40,t,na,na,na,na,na,na,na,g,na,na,na,na,na,na,na,g,na,na,na,na,na,na,c,na,na,na,na,na,na,tg,na,na,na,na,na,na,na,na,na,na,na,a,na,na,na,na,na,g,na,na,a,na,na,na,na,na,na,na,na,na,a,na,na,na,na,na,na,na,na,na,a,na,na,g,a,na,na,na,a,na,na,na,na,na,c,t,na,a,na,na,c,na,na,na,na,na,na,a,na,na,na,na,na,na,a,na,na,na,na,na,na,na,c,na,na,na,na,g,na,t,na,na,na,na,na,na,na,t,na,na,t,na,a,na,na,na,na,g,na,na,g,na,na,na,na,c,na,na,na,na,na,t,t,na,na,na,na,na,na,na,na,na,g,na,na,t,na,na,na,na,a,na,na,na,na,c,a,na,na,na,na,na,c,na,na,na,na,na,na,na,t,na,na,na,na,na,na,na,na,na,na,c,na,na,na,na,na,na,na,na,na,na,na,na,na,na,na,na,g,na,na,na,g,na,na,na,na,na,na,na,na,na,na,acat,a,na,na,a,na,na,na,na,na,c,c,t,c,na,na,na,t,na,c,c,na,na,na,a,na,gc,g,na,na,a,na,na,na,na,na,c,na,na,na,na,na,na,na,a,g,na,na,g
41,g,na,na,na,c,na,na,na,g,na,na,na,na,na,na,na,g,na,na,na,na,na,na,c,na,na,na,na,na,na,tg,na,na,na,na,na,na,na,na,na,na,na,a,na,na,na,na,na,g,na,na,na,na,na,na,na,na,na,na,na,na,a,na,na,na,na,na,na,na,na,na,a,na,na,g,a,na,na,na,a,sh,sh,sh,sh,sh,sh,sh,sh,sh,sh,sh,sh,sh,sh,sh,na,na,na,a,na,na,na,na,na,na,a,na,na,na,na,na,na,na,c,na,na,na,c,g,na,t,na,na,na,na,na,na,na,na,na,na,t,na,a,na,na,na,na,g,na,na,na,na,g,na,na,c,na,na,na,na,na,na,t,na,na,na,na,na,na,na,na,na,na,na,na,na,na,na,na,na,a,na,na,na,na,c,na,na,na,na,na,na,c,na,na,na,a,na,na,na,na,na,na,na,na,na,na,na,na,na,na,c,na,na,na,na,na,na,na,na,na,na,na,na,na,na,na,na,g,na,na,na,g,na,na,na,na,na,na,na,na,na,na,acat,a,na,na,a,na,na,na,na,na,c,c,t,c,na,na,c,t,na,c,na,na,na,na,na,na,gc,g,na,na,a,na,na,na,na,na,c,na,na,na,na,na,na,na,a,g,na,na,na
42,t,na,na,na,na,na,na,na,g,na,na,na,na,na,na,na,g,na,na,na,na,na,na,c,na,na,na,na,na,na,tg,na,na,na,na,na,na,na,na,na,na,na,a,na,na,na,na,na,g,na,na,na,na,na,na,na,c,na,na,na,na,a,na,na,na,na,na,na,na,na,na,a,na,na,g,a,na,na,na,a,na,g,na,na,na,c,t,na,a,na,na,c,na,na,na,na,na,na,a,na,na,na,na,na,na,a,na,na,na,na,na,na,na,c,na,na,na,na,g,na,t,na,na,na,na,na,na,na,na,na,na,t,na,a,na,na,na,na,g,na,na,g,na,na,na,a,c,na,na,c,na,na,na,t,na,na,na,na,na,na,na,na,na,na,na,na,na,na,na,na,na,a,na,na,na,na,c,na,na,na,na,na,na,c,na,na,na,na,na,na,na,na,na,na,na,na,na,g,na,na,na,na,c,na,na,na,na,na,na,na,na,na,na,na,na,na,na,na,na,g,na,na,na,g,g,na,na,na,na,na,na,na,na,na,acat,a,na,na,a,na,na,na,na,na,c,c,t,c,na,na,na,t,na,c,c,na,na,g,na,na,gc,g,na,na,a,na,na,na,na,na,c,na,na,na,na,na,na,na,a,g,na,na,na
43,t,na,na,na,na,g,na,na,g,na,na,na,na,na,na,na,g,na,na,na,na,na,na,c,na,na,na,na,na,na,tg,na,na,na,na,na,na,na,na,na,na,na,a,na,na,na,na,na,g,na,na,na,na,na,na,na,na,na,na,na,na,a,na,na,na,na,na,na,na,na,na,a,na,na,g,a,na,na,na,a,na,na,na,na,na,c,t,na,a,na,na,c,na,na,na,na,na,na,a,na,na,na,na,na,na,a,na,na,na,na,na,na,na,c,na,na,na,na,g,na,t,na,na,na,na,na,na,na,na,na,na,t,na,a,na,na,na,na,g,na,na,g,g,na,na,na,c,na,na,na,na,na,na,t,na,na,na,na,na,na,na,na,na,na,a,na,t,na,na,na,na,a,na,na,a,na,c,a,na,na,na,na,na,c,na,na,na,na,na,na,na,t,na,na,na,na,na,na,na,na,na,na,c,na,na,na,na,na,na,na,na,na,na,na,na,na,na,c,na,g,na,na,na,g,na,na,na,na,na,na,na,na,na,na,acat,a,na,na,a,na,na,na,na,na,c,c,t,c,na,na,na,t,na,c,c,na,na,na,a,na,gc,g,na,na,a,na,na,na,na,na,c,na,c,na,na,na,na,na,a,g,na,na,na
44,t,g,na,na,na,na,na,na,g,na,na,na,na,na,na,na,g,na,na,na,na,na,na,c,na,na,na,na,na,na,tg,na,na,na,na,na,na,na,na,na,na,na,a,na,na,na,na,na,g,na,na,na,na,na,na,na,na,na,na,na,na,a,na,na,na,na,na,na,na,na,na,a,na,na,g,a,na,na,na,a,na,na,na,na,na,c,t,na,a,na,na,c,na,na,na,na,na,na,a,na,na,na,na,na,na,a,na,na,na,na,na,na,na,c,na,na,na,na,g,na,t,na,na,na,na,na,na,na,na,na,na,t,na,a,na,na,na,na,g,na,na,g,na,na,na,na,c,na,na,na,na,na,na,t,na,na,na,na,na,na,na,na,na,na,na,na,t,t,na,na,na,a,na,na,na,na,c,a,na,na,na,na,c,c,na,na,na,na,na,na,na,t,na,na,na,g,na,na,na,na,na,na,c,na,na,na,na,na,na,na,na,na,na,na,na,na,na,c,na,g,na,na,na,g,na,na,na,na,na,na,na,na,na,na,acat,a,na,na,a,na,na,na,na,na,c,c,t,c,na,na,na,t,na,c,c,na,na,na,na,na,gc,g,na,na,a,na,na,na,na,na,c,na,c,na,na,na,na,na,a,g,na,na,na
45,t,na,na,na,na,na,na,na,g,na,na,na,na,na,na,na,g,na,na,na,na,na,na,c,na,na,na,na,na,na,tg,na,na,na,na,na,na,na,na,na,na,na,a,na,na,na,na,na,g,na,na,na,na,na,na,na,c,na,na,na,na,a,na,na,na,na,na,na,na,na,na,a,na,na,g,a,na,na,na,a,na,g,na,na,na,c,t,na,a,na,na,c,na,na,na,na,na,na,a,na,na,na,na,na,na,a,na,na,na,na,na,na,na,c,na,na,na,na,g,na,t,na,na,na,na,na,na,na,na,na,na,t,na,a,na,na,na,na,g,na,na,g,na,na,na,na,c,na,na,na,na,na,na,t,na,na,na,na,na,na,na,na,na,na,na,na,na,na,na,na,na,a,na,na,na,na,c,na,na,na,na,na,na,c,na,na,na,na,na,na,na,na,na,na,na,na,na,na,na,na,na,na,c,na,na,na,na,a,na,na,na,na,na,na,na,na,na,na,na,g,na,na,na,g,na,na,na,na,na,na,na,na,na,na,acat,a,na,na,a,na,na,na,na,na,c,c,t,c,na,na,na,t,na,c,c,na,na,g,na,na,gc,g,na,na,a,na,na,na,na,na,c,na,na,na,na,na,na,na,a,g,na,na,na
46,t,na,na,na,na,na,na,na,g,na,na,na,na,na,na,na,g,na,na,na,na,na,na,c,na,na,na,na,na,na,tg,na,na,na,na,na,na,na,na,na,na,na,a,na,na,na,na,na,g,na,na,na,na,na,na,na,na,na,na,na,na,a,na,na,na,na,na,na,na,na,na,a,na,na,g,a,na,na,na,a,na,na,na,na,na,c,t,na,a,na,na,c,na,na,na,na,na,na,a,na,na,na,na,na,na,a,na,na,na,na,na,na,na,c,na,na,na,na,g,na,t,na,na,na,na,na,na,na,na,na,na,t,na,a,na,na,na,na,g,na,na,g,na,na,na,na,c,na,na,na,na,na,na,t,na,na,na,na,na,na,na,na,na,na,na,na,t,na,na,na,na,a,na,na,na,na,c,a,na,na,na,na,na,c,na,na,na,na,na,na,na,t,na,na,na,na,c,na,na,na,na,na,c,na,na,na,na,na,na,na,na,na,na,na,na,na,na,c,na,g,na,na,na,g,na,na,na,na,na,na,na,na,na,na,acat,a,na,na,a,na,na,na,na,na,c,c,t,c,a,na,g,t,na,c,c,na,na,na,na,na,gc,g,na,na,a,na,na,na,na,na,c,na,c,na,na,na,na,na,a,g,na,na,na
47,t,na,na,na,na,na,na,na,g,na,na,na,na,na,na,na,g,na,na,na,na,na,na,c,na,na,na,na,na,na,tg,na,na,na,na,na,na,na,na,na,na,na,a,na,na,na,na,na,g,na,na,na,na,na,na,na,na,na,na,na,na,a,na,na,na,na,na,na,na,na,na,a,na,na,g,a,na,na,na,a,na,na,na,na,na,c,t,na,a,na,na,c,na,na,na,na,na,na,a,na,na,na,na,na,na,a,na,na,na,na,na,na,na,c,na,na,na,na,g,na,t,na,na,na,na,na,na,na,na,na,na,t,na,na,na,na,tg,na,na,tg,ta,na,na,na,na,na,c,na,na,na,na,na,na,t,na,na,na,na,na,na,na,na,na,na,na,na,na,na,na,na,na,a,na,na,na,na,c,na,na,na,na,na,na,c,na,na,na,na,na,na,na,na,na,na,na,na,na,na,na,na,na,na,c,na,na,na,na,na,na,na,na,na,na,na,na,na,na,na,na,g,na,na,na,g,na,na,na,na,na,na,na,na,na,na,acat,a,na,na,a,na,na,na,na,na,c,c,t,c,na,na,na,t,na,c,na,na,na,na,na,na,gc,g,na,na,a,na,na,na,na,na,c,na,na,na,na,na,na,na,a,g,na,na,na
48,t,na,na,na,na,na,na,na,g,na,na,na,na,na,na,na,g,na,na,na,na,na,na,c,na,na,na,na,na,na,tg,na,na,na,na,na,na,na,na,na,na,na,a,na,na,na,na,na,g,na,na,na,na,na,na,na,na,na,na,na,na,a,na,na,na,na,na,na,na,na,na,a,na,na,g,a,na,na,na,a,na,na,na,na,na,c,t,na,a,na,na,c,na,na,na,na,na,na,a,na,na,na,na,na,na,a,na,na,na,na,na,na,na,c,na,na,na,na,g,na,t,na,na,na,na,na,na,na,na,na,na,t,na,a,na,na,na,na,g,na,na,g,g,na,na,na,c,na,na,na,na,na,na,t,na,na,na,na,na,na,na,na,na,na,na,na,t,na,na,a,na,a,na,na,na,na,c,a,na,na,na,na,na,c,na,na,na,na,na,na,na,t,na,na,na,na,na,na,na,na,na,na,c,na,na,na,na,na,na,na,na,na,na,na,na,na,na,c,na,g,na,na,na,g,na,na,na,na,na,na,na,na,na,na,acat,a,na,na,a,na,na,na,na,na,c,c,t,c,na,na,na,t,na,c,c,na,na,na,a,na,gc,g,na,na,a,na,na,na,na,na,c,na,c,na,na,na,na,na,a,g,na,na,na
49,t,na,na,na,na,na,na,a,g,na,na,na,na,na,na,na,g,na,c,na,na,na,na,c,na,na,na,na,na,na,tg,na,na,na,na,na,na,na,na,c,na,na,a,na,na,na,na,na,g,na,na,na,na,na,na,na,c,na,na,na,na,a,t,na,na,na,na,na,na,na,na,a,na,na,g,a,na,na,na,a,na,g,na,na,na,c,a/t,na,a,na,na,c,na,na,na,na,na,na,a,na,na,na,na,na,na,a,na,na,c,na,na,na,na,c,na,na,na,na,g,na,t,na,na,na,na,na,na,na,na,na,na,t,na,a,a,na,na,na,g,na,na,g,na,na,na,na,c,na,na,na,na,na,na,t,na,na,na,na,na,na,na,na,na,na,na,na,na,na,na,na,na,a,na,na,na,na,c,na,na,na,na,na,na,c,na,na,na,na,na,na,na,na,na,na,na,na,na,g,na,na,na,na,c,na,na,na,na,na,na,na,na,na,na,na,na,na,na,na,na,g,na,na,na,g,g,na,t,c,na,na,na,na,na,na,acat,a,na,na,a,na,na,na,na,na,c,c,t,c,na,na,na,t,na,c,c,na,na,g,na,na,gc,g,na,na,a,na,na,na,g,na,c,na,na,na,na,na,na,na,a,g,na,na,na
50,t,na,na,na,na,na,na,na,g,na,na,na,na,na,na,na,na,a,na,na,na,na,na,na,na,na,na,na,na,na,tg,na,na,na,na,na,na,na,na,na,na,na,a,na,na,na,na,na,g,na,na,na,na,na,na,na,na,na,na,na,na,a,na,na,na,na,na,na,na,na,na,sh,sh,sh,sh,sh,sh,sh,sh,sh,sh,sh,na,na,na,c,t,na,a,na,na,c,na,na,na,na,na,na,a,na,na,na,na,na,na,a,na,na,na,na,na,na,na,c,na,na,na,na,g,na,t,na,na,na,na,na,na,na,na,na,na,t,na,a,na,na,na,na,g,na,na,g,na,na,na,na,c,na,na,na,na,g,na,t,na,na,na,na,na,na,na,na,na,na,na,na,t,na,na,na,na,a,na,na,na,na,c,a,na,na,na,na,na,c,na,na,na,na,na,na,na,na,na,na,na,na,na,na,na,na,na,na,c,na,t,na,na,na,na,na,na,na,na,na,na,na,na,na,na,g,na,na,na,g,na,na,na,na,na,na,na,na,na,na,acat,a,na,na,a,na,na,na,na,na,c,c,t,c,na,na,na,t,na,c,t,na,g,na,na,t,gc,g,na,na,a,na,na,na,na,na,c,na,na,na,na,a,na,na,a,g,na,na,na
51,na,na,na,na,na,na,t,na,na,na,na,na,a,g,t,g,na,na,na,c,na,g,na,na,na,na,c,na,na,g,tg,na,a,c,c,na,a,t,na,na,g,c,na,a,t,g,na,a,g,na,t,na,c,g,a,c,c,t,na,t,na,na,t,na,na,na,c,na,c,a,na,na,a,na,g,a,t,a,a,a,na,na,g,c,g,na,t,t,a,a,c,na,c,g,na,na,na,na,a,na,a,c,na,na,t,a,na,g,na,na,c,na,na,c,t,na,a,na,g,na,na,c,na,na,a,na,tg,t,na,na,t,na,t,na,na,a,na,t,na,na,na,na,na,na,na,na,na,c,na,na,c,na,na,t,na,t,na,c,a,na,na,na,c,na,na,a,t,na,na,na,g,a,g,g,na,t,c,na,t,na,a,c,na,na,a,a,na,na,c,na,g,t,a,g,a,c,na,na,t,na,c,a,na,g,na,g,na,na,a,na,na,t,c,na,na,a,a,na,na,g,t,na,g,g,na,t,na,na,c,a,na,na,t,t,acat,a,t,a,t,na,na,na,na,na,na,na,t,na,na,c,c,na,g,na,na,na,na,na,na,na,gc,g,c,a,a,na,t,a,na,c,na,t,na,t,na,na,a,t,na,g,na,na,na
