,,,,HPVStrain,NumOccurences,,,,,,,,,,,,,
from Zheng et al,Sheet No. S10,,,11,25,,,,from Zheng et al,Sheet No. S14,,,,,,,,
HPV type,,,,16,2583,,,,Supplementary Table 14. KEGG pathways enriched by the integrated genes in different histology groups,,,,,,,,,
"hpv16,hpv18;hpv11,hpv16,hpv18,hpv58,hpv59;hpv16;hpv16,hpv18;hpv16,hpv18;hpv16,hpv18;hpv16,hpv18;hpv16,hpv18;hpv18;hpv18",,,,18,240,,,,Groups,Pathway dataset,Pathway category ,# of reference genes in the category,# of genes in the gene set ,expected number in the category ,Ratio of enrichment ,P value from hypergeometric test ,P value adjusted by multiple test adjustment,Gene list
"hpv16;hpv16;hpv16,hpv58,hpv59;hpv16,hpv18;hpv16;hpv16;hpv16;hpv16,hpv31;hpv16",,,,31,321,,,,Cancer,KEGG pathway,Pathways in cancer,326,64,18.18,3.52,1.04E-18,2.07E-16,"CASP3,GLI2,FGF13,RALBP1,RET,CDKN1A,FZD2,CTNNA2,WNT5A,CDC42,IKBKB,MITF,IGF1,COL4A1,ARNT2,KIT,CDK6,FZD1,NRAS,ZBTB16,DCC,RUNX1T1,PPARG,FH,CBLB,PTCH1,LAMA2,VEGFA,PTGS2,IL8,CCNA1,KITLG,HGF,MAPK10,CDKN2B,JUP,FZD8,RALGDS,TGFB2,ETS1,LAMA1,TGFBR2,MECOM,BMP2,FGFR3,IGF1R,PIK3R5,MYC,VEGFC,RARB,PIK3R1,FZD3,KRAS,FOS,EGFR,FGF14,CCDC6,HIF1A,FGFR2,CUL2,SHH,AR,FASLG,PLD1"
"hpv16;hpv18;hpv16,hpv58,hpv59;hpv16;hpv16,hpv18,hpv52;hpv16,hpv18;hpv16,hpv18,hpv31;hpv16",,,,33,65,,,,Cancer,KEGG pathway,Metabolic pathways,1130,137,63.02,2.17,1.10E-17,1.09E-15,"GBE1,ACACB,UGT8,MCCC1,SI,ASS1,LIPG,COX10,SYNJ1,AMPD3,GOT2,ALDH1A3,UQCRC2,AOX1,ACAA2,MECR,SUCLG2,ME1,DPYD,MGAT5,UGT2B10,PDHA1,CYP7A1,FH,PLCE1,GALNT7,PDHB,NDST1,CYP2A7,FBP1,NNT,ALDOA,GALNTL6,B3GALT2,PFKP,CRYL1,MUT,EHHADH,AGPAT9,GALNT13,NDUFA4,MTAP,NDUFS4,ATIC,BDH1,ST8SIA1,ATP6V1H,ALDH3A2,MCCC2,NOS3,NT5E,ADH7,PIGT,BPGM,BCKDHB,PCCA,PLA2G5,CES1,WBSCR17,MGAT4C,HGSNAT,DGKH,CAT,TUSC3,GALNT2,RRM2B,PAH,PLCB4,NT5C1B,PLD1,AMPD1,ST6GAL2,PLA2G4A,GFPT2,SUCLG1,OTC,ETNK1,CYP2B6,EXT2,ASNS,HSD17B3,NMNAT2,GOT1,DGKB,MGLL,ALLC,GATM,ALG10B,TRDMT1,GALNTL5,AGPS,EXTL3,PDHX,HPSE2,TPK1,PTGS2,AKR1D1,PTGIS,DGKI,PDXK,GALNTL2,LTA4H,NDST4,UGT2B7,NDST3,COX7B2,PSPH,ITPKB,UGT2B4,TPH2,NDUFS1,UGT2B28,SGMS1,AGPAT3,MAN1A1,ALPP,NDUFB4,A4GALT,ALG13,PTGS1,FAH,GCNT1,CPS1,PIK3C3,SHMT1,GALC,AGPAT4,PDHA2,GCNT3,CYP2C18,DGKE,ACSS3,MTHFS,POLE,CMPK2,ADK,B4GALT7"
"hpv16;hpv16;hpv16;hpv16,hpv59;hpv16;hpv16,hpv31;hpv16;hpv16,hpv58",,,,45,8,,,,Cancer,KEGG pathway,Neuroactive ligand-receptor interaction,272,53,15.17,3.49,1.34E-15,8.89E-14,"GRIK2,AVPR1A,GABRB2,CYSLTR2,ADORA2B,P2RY1,NTSR2,FSHR,GRIA2,AGTR2,S1PR1,HRH4,GRM5,ADRA1B,GRIA1,TACR1,DRD5,NMUR2,GCGR,PRLHR,GHR,GABRA3,LEP,EDNRB,PLG,ADRA1A,GLRA1,CHRM3,PTGFR,CTSG,HTR1E,S1PR5,GRPR,GRID1,PTGER4,CALCRL,ADRB2,CHRNA2,GRM3,GRIA4,GRM8,GABRA1,GABRB3,PTGDR,GABRA6,OPRK1,GRID2,GRM7,MC2R,ADCYAP1R1,CHRM2,DRD1,TACR3"
"hpv16;hpv18;hpv16,hpv18,hpv52;hpv16,hpv58,hpv59;hpv16,hpv18,hpv31;hpv16,hpv18;hpv16",,,,52,43,,,,Cancer,KEGG pathway,Calcium signaling pathway,177,39,9.87,3.95,1.21E-13,6.02E-12,"ITPKB,AVPR1A,ATP2A3,PDE1C,CYSLTR2,ADORA2B,ERBB4,GRM5,ADRA1B,TACR1,DRD5,PDE1A,CACNA1C,ADCY2,EDNRB,CACNA1D,ADRA1A,ATP2B1,CHRM3,NOS3,PTGFR,PPP3CA,GRPR,CACNA1A,PLCE1,PRKX,ADRB2,VDAC1,EGFR,SLC8A1,PLN,CAMK2B,ITPR1,PLCB4,CACNA1B,CHRM2,ATP2B4,DRD1,TACR3"
"hpv16;hpv16;hpv16,hpv31;hpv16;hpv16;hpv16",,,,58,494,,,,Cancer,KEGG pathway,Endocytosis,201,40,11.21,3.57,1.93E-12,7.68E-11,"PDCD6IP,SMAP1,DNM3,CLTCL1,IQSEC3,HLA-E,CHMP5,KDR,RET,PSD3,NEDD4L,FAM125B,TGFB2,TGFBR2,ERBB4,EEA1,TFRC,FGFR3,CDC42,IGF1R,IQSEC1,WWP1,HLA-C,KIT,CAV2,GRK4,ARAP2,DNAJC6,CBLB,ADRB2,SMURF2,CHMP2B,EGFR,HLA-B,EPN2,CXCR4,FGFR2,RAB11FIP2,ARFGAP3,PLD1"
"hpv16;hpv16;hpv16,hpv33;hpv16;hpv16,hpv58",,,,59,64,,,,Cancer,KEGG pathway,Cytokine-cytokine receptor interaction,265,46,14.78,3.11,7.04E-12,2.33E-10,"IL15RA,IL15,CCL2,TSLP,KDR,TNFSF13B,IL20RB,IL19,IFNW1,CD27,TNFSF8,TGFB2,TGFBR2,BMP2,LTBR,IL12A,CCL4,GHR,LEP,CXCL12,KIT,IL1RAP,INHBA,IL7,PF4V1,VEGFC,IFNE,IFNB1,IL17B,CXCL6,ACVR2B,VEGFA,EGFR,IL12B,IL10RA,TNFRSF9,CXCR4,EDAR,IL8,FASLG,KITLG,TNFSF15,HGF,IL9R,CCL18,BMPR1B"
"hpv16,hpv18,hpv31,hpv52;hpv16,hpv31;hpv16,hpv31;hpv16;hpv16,hpv58",,,,,,,,,Cancer,KEGG pathway,Axon guidance,129,30,7.19,4.17,1.86E-11,5.29E-10,"EPHA6,PPP3CA,NRAS,NCK1,DCC,ROBO1,SLIT3,EPHA5,NFATC2,KRAS,SLIT1,EPHB1,NFATC1,SEMA6A,SRGAP3,GNAI1,CXCR4,CDC42,SRGAP1,SEMA3D,SEMA5B,CXCL12,ROCK1,NRP1,EPHA7,SEMA3A,NTNG1,ROCK2,NGEF,UNC5D"
"hpv16;hpv16,hpv18;hpv16;hpv16,hpv18;hpv16",,,,,,,,,Cancer,KEGG pathway,MAPK signaling pathway,268,42,14.95,2.81,1.46E-09,3.63E-08,"PLA2G4A,CASP3,DUSP6,FGF13,MAP3K13,RASGRP3,NTF3,TGFB2,MAPK14,RPS6KA5,TGFBR2,MECOM,FGFR3,STK3,CDC42,CACNA1C,MYC,CACNB2,IKBKB,CACNA1D,MAP3K7,RRAS2,PPP3CA,NRAS,CACNA1A,PLA2G5,MAPKAPK5,RAP1B,PRKX,KRAS,NFATC2,FOS,EGFR,FGF14,FGFR2,PTPRR,FASLG,MAP3K5,CACNA1B,MAPK10,MAP2K4,MEF2C"
"hpv16;hpv16;hpv16,hpv59;hpv16",,,,,,,,,Cancer,KEGG pathway,Glycosaminoglycan biosynthesis - heparan sulfate,26,12,1.45,8.28,4.08E-09,8.54E-08,"HS6ST1,HS3ST2,HS6ST2,EXTL3,HS3ST5,HS3ST3B1,NDST4,EXT2,NDST3,B4GALT7,NDST1,HS3ST3A1"
"hpv16;hpv16;hpv16;hpv16,hpv58",,,,,,,,,Cancer,KEGG pathway,Cell adhesion molecules (CAMs),133,27,7.42,3.64,4.56E-09,8.54E-08,"CDH4,CLDN1,CLDN5,CTLA4,HLA-E,ITGA4,PTPRM,SDC4,NLGN4X,NLGN1,CLDN22,CNTNAP2,MAG,ALCAM,ICOS,CD58,NRXN3,PTPRC,HLA-B,PDCD1LG2,CDH5,PVRL1,HLA-C,NCAM1,CLDN18,CDH2,CNTN1"
"hpv16;hpv16;hpv16;hpv16,hpv58",,,,,,,,,Cancer,KEGG pathway,TGF-beta signaling pathway,84,21,4.68,4.48,4.72E-09,8.54E-08,"CDKN2B,LTBP1,THBS2,PPP2CB,ACVR2B,SMURF2,TGFB2,TGFBR2,BMP6,THBS1,PITX2,BMP2,GDF6,MYC,RPS6KB1,FST,ROCK1,SMAD1,ROCK2,INHBA,BMPR1B"
"hpv16;hpv16;hpv16;hpv16,hpv58",,,,,,,,,Cancer,KEGG pathway,Chagas disease (American trypanosomiasis),104,23,5.8,3.97,1.13E-08,1.87E-07,"CCL2,IFNB1,PIK3R1,PPP2CB,PPP2R2A,TGFB2,MAPK14,FOS,TGFBR2,IL12B,GNAI1,IL12A,TLR2,PIK3R5,GNAO1,IL8,IKBKB,FASLG,PLCB4,MYD88,MAPK10,TLR4,MAP2K4"
"hpv16,hpv33,hpv58;hpv16;hpv58;hpv16",,,,,,,,,Cancer,KEGG pathway,Long-term depression,70,18,3.9,4.61,3.64E-08,5.57E-07,"PLA2G4A,NRAS,PLA2G5,CACNA1A,PPP2CB,KRAS,GRIA2,GRM5,GNAI1,GRIA1,IGF1R,GRID2,GNAO1,ITPR1,IGF1,PRKG1,PLCB4,PRKG2"
"hpv16;hpv16;hpv16;hpv16,hpv31",,,,,,,,,Cancer,KEGG pathway,Chemokine signaling pathway,189,31,10.54,2.94,6.79E-08,9.65E-07,"PF4V1,VAV3,GRK4,NRAS,CCL2,VAV2,PIK3R1,PREX1,RAP1B,CXCL6,PRKX,KRAS,DOCK2,FOXO3,TIAM2,GNAI1,CXCR4,CDC42,GNB5,ELMO1,PIK3R5,ADCY2,IL8,CCL4,IKBKB,PLCB4,JAK2,CXCL12,ROCK1,ROCK2,CCL18"
hpv16;hpv16;hpv16;hpv16,,,,,,,,,Cancer,KEGG pathway,Vascular smooth muscle contraction,116,23,6.47,3.56,9.76E-08,1.21E-06,"PLA2G4A,PPP1R12A,AVPR1A,KCNMA1,PLA2G5,PRKX,CALCRL,ADORA2B,PRKCH,ADRA1B,PRKCE,KCNMB4,CACNA1C,CALD1,ADCY2,ITPR1,PRKG1,PPP1R12B,PLCB4,ROCK1,CACNA1D,ADRA1A,ROCK2"
"hpv16;hpv16,hpv18,hpv31,hpv52;hpv16;hpv16,hpv31",,,,,,,,,Cancer,KEGG pathway,Leukocyte transendothelial migration,116,23,6.47,3.56,9.76E-08,1.21E-06,"CLDN1,VAV3,CLDN5,ITGA4,VAV2,PIK3R1,RAP1B,CLDN22,MAPK14,CTNNA2,GNAI1,MLLT4,CXCR4,CDC42,PIK3R5,CDH5,PTPN11,CXCL12,ROCK1,VCL,CLDN18,MSN,ROCK2"
"hpv16;hpv11,hpv16,hpv33;hpv16;hpv16,hpv58",,,,,,,,,Cancer,KEGG pathway,T cell receptor signaling pathway,108,21,6.02,3.49,4.88E-07,5.71E-06,"VAV3,LAT,PPP3CA,CTLA4,NRAS,NCK1,VAV2,PIK3R1,CBLB,NFATC2,KRAS,MAPK14,FOS,ICOS,NFATC1,PTPRC,CDC42,PIK3R5,IKBKB,DLG1,MAP3K7"
"hpv16;hpv16;hpv16,hpv31;hpv16",,,,,,,,,Cancer,KEGG pathway,Neurotrophin signaling pathway,127,23,7.08,3.25,5.38E-07,5.95E-06,"NRAS,RIPK2,MAGED1,PIK3R1,RAP1B,YWHAQ,KRAS,NTRK3,NTF3,YWHAE,MAPK14,RPS6KA5,FOXO3,IRS4,CDC42,PIK3R5,CAMK2B,IKBKB,PSEN2,PTPN11,FASLG,MAP3K5,MAPK10"
"hpv16;hpv16;hpv16;hpv16,hpv58",,,,,,,,,Cancer,KEGG pathway,Focal adhesion,200,30,11.15,2.69,7.95E-07,8.33E-06,"VEGFC,VAV3,COL5A2,PPP1R12A,TLN1,THBS2,ITGA4,KDR,VAV2,PIK3R1,RAP1B,RELN,LAMA2,VEGFA,LAMA1,EGFR,THBS1,CDC42,IGF1R,PIK3R5,IGF1,COL4A1,HGF,ROCK1,COL1A2,COL5A3,VCL,MAPK10,ROCK2,CAV2"
hpv16;hpv16;hpv16;hpv16,,,,,,,,,Cancer,KEGG pathway,Wnt signaling pathway,150,25,8.36,2.99,8.96E-07,8.92E-06,"PPP3CA,TBL1XR1,FZD8,FZD3,DAAM2,PPP2CB,PRKX,NFATC2,FZD2,CSNK1A1,NFATC1,WNT5A,CXXC4,PPP2R5E,CAMK2B,MYC,PLCB4,SFRP1,TBL1X,ROCK1,MAP3K7,SOX17,MAPK10,ROCK2,FZD1"
"hpv16;hpv16,hpv18;hpv16;hpv16,hpv58",,,,,,,,,Cancer,KEGG pathway,Tight junction,132,23,7.36,3.12,1.09E-06,1.03E-05,"CLDN1,CLDN5,CASK,NRAS,PPP2CB,PPP2R2A,CLDN22,KRAS,EPB41L2,MYH10,SYMPK,MYH7B,CTNNA2,GNAI1,PRKCH,MLLT4,PRKCE,CDC42,VAPA,MPDZ,RRAS2,MAGI2,CLDN18"
"hpv16;hpv16;hpv16,hpv58;hpv16",,,,,,,,,Cancer,KEGG pathway,Renal cell carcinoma,70,16,3.9,4.1,1.16E-06,1.05E-05,"VEGFC,NRAS,PIK3R1,RAP1B,FH,KRAS,TGFB2,VEGFA,ETS1,CDC42,PIK3R5,HIF1A,CUL2,PTPN11,HGF,ARNT2"
"hpv16,hpv33;hpv16;hpv16;hpv16,hpv58",,,,,,,,,Cancer,KEGG pathway,Melanogenesis,101,19,5.63,3.37,2.83E-06,2.45E-05,"NRAS,FZD8,FZD3,PRKX,ASIP,KRAS,FZD2,WNT5A,GNAI1,GNAO1,CAMK2B,ADCY2,MITF,KITLG,PLCB4,EDNRB,CREB1,KIT,FZD1"
"hpv16;hpv16;hpv16;hpv16,hpv58",,,,,,,,,Cancer,KEGG pathway,Malaria,51,13,2.84,4.57,3.16E-06,2.62E-05,"TLR2,IL12A,GYPC,THBS2,CCL2,IL8,SDC4,HGF,MYD88,TGFB2,CD36,TLR4,THBS1"
"hpv16;hpv16;hpv16,hpv58;hpv16",,,,,,,,,Cancer,KEGG pathway,Amoebiasis,106,19,5.91,3.21,5.94E-06,4.55E-05,"CTSG,CASP3,COL5A2,PIK3R1,PRKX,LAMA2,TGFB2,LAMA1,IL12B,IL12A,TLR2,PIK3R5,IL8,PLCB4,COL4A1,COL1A2,COL5A3,VCL,TLR4"
"hpv16;hpv16,hpv31;hpv16;hpv16,hpv58",,,,,,,,,Cancer,KEGG pathway,Pancreatic cancer,70,15,3.9,3.84,5.87E-06,4.55E-05,"VEGFC,CDC42,PIK3R5,RALBP1,IKBKB,PIK3R1,RALGDS,KRAS,PLD1,TGFB2,VEGFA,MAPK10,TGFBR2,CDK6,EGFR"
"hpv16;hpv16;hpv16,hpv18,hpv31,hpv52;hpv16",,,,,,,,,Cancer,KEGG pathway,Salivary secretion,89,17,4.96,3.43,7.50E-06,5.53E-05,"HTN1,KCNMA1,PRKX,ADRB2,PRB2,ADRA1B,ATP1A1,ADCY2,ITPR1,ATP1B4,PRKG1,PLCB4,PRKG2,ADRA1A,ATP2B1,ATP2B4,CHRM3"
"hpv16;hpv16,hpv18,hpv31,hpv52;hpv16,hpv31;hpv16",,,,,,,,,Cancer,KEGG pathway,Regulation of actin cytoskeleton,213,29,11.88,2.44,8.54E-06,6.07E-05,"VAV3,NRAS,PPP1R12A,WASF1,FGF13,ITGA4,VAV2,PIK3R1,DIAPH2,KRAS,NCKAP1,PFN2,MYH10,EGFR,TIAM2,IQGAP2,FGFR3,FGF14,CDC42,FGFR2,PIK3R5,FGD3,ROCK1,RRAS2,VCL,MSN,CHRM2,ROCK2,CHRM3"
"hpv16;hpv16;hpv16;hpv16,hpv58",,,,,,,,,Cancer,KEGG pathway,Adherens junction,73,15,4.07,3.68,1.01E-05,6.93E-05,"LMO7,MLLT4,FER,PTPRJ,CDC42,WASF1,IGF1R,PTPRB,PTPRM,PVRL1,MAP3K7,VCL,TGFBR2,EGFR,CTNNA2"
"hpv16;hpv16;hpv16,hpv31;hpv16,hpv58",,,,,,,,,Cancer,KEGG pathway,Arrhythmogenic right ventricular cardiomyopathy (ARVC),74,15,4.13,3.63,1.20E-05,7.96E-05,"GJA1,DMD,JUP,DSC2,CACNA1C,ITGA4,CACNB2,SGCD,PKP2,CACNA1D,LAMA2,CDH2,DSP,SLC8A1,CTNNA2"
"hpv16;hpv16;hpv16,hpv58;hpv16",,,,,,,,,Cancer,KEGG pathway,Bladder cancer,42,11,2.34,4.7,1.36E-05,8.46E-05,"VEGFC,FGFR3,NRAS,MYC,IL8,KRAS,CDKN1A,VEGFA,RPS6KA5,EGFR,THBS1"
"hpv16;hpv16;hpv16,hpv31;hpv16",,,,,,,,,Cancer,KEGG pathway,Toxoplasmosis,132,21,7.36,2.85,1.36E-05,8.46E-05,"PLA2G4A,CASP3,PLA2G5,PIK3R1,LAMA2,TGFB2,MAPK14,LAMA1,IL10RA,IL12B,GNAI1,IL12A,TLR2,PIK3R5,GNAO1,IKBKB,JAK2,MYD88,MAP3K7,TLR4,MAPK10"
hpv16;hpv16;hpv16,,,,,,,,,Cancer,KEGG pathway,ECM-receptor interaction,85,16,4.74,3.38,1.67E-05,9.89E-05,"HMMR,SV2B,COL5A2,THBS2,ITGA4,CD47,SDC4,RELN,COL4A1,COL1A2,LAMA2,COL5A3,CD44,CD36,LAMA1,THBS1"
hpv16;hpv16;hpv16,,,,,,,,,Cancer,KEGG pathway,VEGF signaling pathway,76,15,4.24,3.54,1.69E-05,9.89E-05,"PLA2G4A,PTGS2,PPP3CA,NRAS,CDC42,PIK3R5,KDR,PLA2G5,PIK3R1,NFATC2,KRAS,VEGFA,MAPK14,NFATC1,NOS3"
hpv16;hpv16;hpv16,,,,,,,,,Cancer,KEGG pathway,p53 signaling pathway,68,14,3.79,3.69,1.93E-05,0.0001,"RFWD2,CASP3,SESN3,RRM2B,PMAIP1,EI24,IGF1,STEAP3,RPRM,CDKN1A,CDK6,PERP,IGFBP3,THBS1"
"hpv16;hpv16;hpv16,hpv58",,,,,,,,,Cancer,KEGG pathway,Progesterone-mediated oocyte maturation,86,16,4.8,3.34,1.95E-05,0.0001,"ANAPC1,CDC27,IGF1R,PIK3R5,ADCY2,CCNA1,PIK3R1,MAD2L1,IGF1,MAD1L1,PRKX,KRAS,MAPK14,MAPK10,ANAPC4,GNAI1"
"hpv16,hpv18,hpv31,hpv52;hpv16,hpv31;hpv16,hpv18",,,,,,,,,Cancer,KEGG pathway,Shigellosis,61,13,3.4,3.82,2.58E-05,0.0001,"CDC42,WASF1,RIPK2,ELMO1,IL8,IKBKB,ROCK1,CD44,VCL,PFN2,MAPK10,MAPK14,ROCK2"
"hpv16;hpv16,hpv18;hpv16",,,,,,,,,Cancer,KEGG pathway,Mucin type O-Glycan biosynthesis,30,9,1.67,5.38,2.52E-05,0.0001,"GALNTL5,GALNT2,GALNTL6,GCNT3,GALNT13,WBSCR17,GALNTL2,GALNT7,GCNT1"
hpv18;hpv16;hpv16,,,,,,,,,Cancer,KEGG pathway,Natural killer cell mediated cytotoxicity,136,21,7.58,2.77,2.17E-05,0.0001,"CASP3,VAV3,LAT,PPP3CA,SH3BP2,NRAS,IFNB1,HLA-E,VAV2,PIK3R1,NFATC2,KRAS,GZMB,NFATC1,HLA-B,SH2D1A,PIK3R5,PTPN11,FASLG,HLA-C,SYK"
"hpv16;hpv16;hpv16,hpv58",,,,,,,,,Cancer,KEGG pathway,ErbB signaling pathway,87,16,4.85,3.3,2.26E-05,0.0001,"NRG3,NRAS,NCK1,PIK3R5,MYC,CAMK2B,PIK3R1,CBLB,NRG1,RPS6KB1,KRAS,CDKN1A,MAPK10,MAP2K4,ERBB4,EGFR"
hpv16;hpv16;hpv16,,,,,,,,,Cancer,KEGG pathway,Ubiquitin mediated proteolysis,135,21,7.53,2.79,1.94E-05,0.0001,"HERC2,UBE2F,PARK2,UBE2E2,FBXO4,CBLB,UBE2Z,NEDD4L,SMURF2,RFWD2,ANAPC1,UBE2Q2,CDC27,DET1,HUWE1,HERC1,CUL2,WWP1,UBE2E3,ANAPC4,PRPF19"
"hpv16;hpv16,hpv31;hpv16",,,,,,,,,Cancer,KEGG pathway,Toll-like receptor signaling pathway,102,17,5.69,2.99,4.77E-05,0.0002,"IFNB1,PIK3R1,MAPK14,FOS,IL12B,IL12A,TLR2,TLR3,PIK3R5,IL8,CCL4,IKBKB,MAP3K7,MYD88,TLR4,MAPK10,MAP2K4"
"hpv16;hpv16;hpv16,hpv58",,,,,,,,,Cancer,KEGG pathway,Protein digestion and absorption,81,15,4.52,3.32,3.72E-05,0.0002,"ATP1A1,SLC15A1,COL5A2,SLC36A1,CPB2,SLC38A2,ATP1B4,COL4A1,COL1A2,COL5A3,COL9A1,COL14A1,ELN,COL12A1,SLC8A1"
"hpv16,hpv18,hpv31,hpv52;hpv16;hpv16",,,,,,,,,Cancer,KEGG pathway,GnRH signaling pathway,101,17,5.63,3.02,4.19E-05,0.0002,"PLA2G4A,NRAS,PLA2G5,PRKX,KRAS,MAPK14,EGFR,CACNA1C,CDC42,CAMK2B,ADCY2,ITPR1,PLCB4,PLD1,CACNA1D,MAPK10,MAP2K4"
"hpv16;hpv16;hpv16,hpv58",,,,,,,,,Cancer,KEGG pathway,Jak-STAT signaling pathway,155,22,8.64,2.55,5.28E-05,0.0002,"IFNE,IL7,IL15RA,IL15,TSLP,IFNB1,PIK3R1,CBLB,IL20RB,IL19,IFNW1,IL10RA,IL12B,IL12A,PIK3R5,MYC,GHR,PTPN11,JAK2,LEP,IL9R,SPRY1"
"hpv16;hpv16,hpv31;hpv16,hpv18",,,,,,,,,Cancer,KEGG pathway,RIG-I-like receptor signaling pathway,71,14,3.96,3.54,3.23E-05,0.0002,"IFNE,IL12A,CYLD,TRIM25,IFNB1,TANK,IL8,IKBKB,IFNW1,MAP3K7,MAPK14,MAPK10,IFIH1,IL12B"
hpv16;hpv16;hpv16,,,,,,,,,Cancer,KEGG pathway,Long-term potentiation,70,13,3.9,3.33,0.0001,0.0003,"PPP3CA,GRIA1,NRAS,PPP1R12A,CACNA1C,CAMK2B,ITPR1,RAP1B,PLCB4,PRKX,KRAS,GRIA2,GRM5"
"hpv16;hpv16,hpv58;hpv16",,,,,,,,,Cancer,KEGG pathway,Fc epsilon RI signaling pathway,79,14,4.41,3.18,0.0001,0.0003,"PLA2G4A,PRKCE,VAV3,LAT,NRAS,PIK3R5,VAV2,PLA2G5,PIK3R1,KRAS,MAPK14,MAPK10,MAP2K4,SYK"
hpv16;hpv16;hpv16,,,,,,,,,Cancer,KEGG pathway,RNA degradation,71,13,3.96,3.28,0.0001,0.0003,"CNOT2,BTG1,EXOSC7,C1D,LSM5,DCP1A,CNOT6,XRN1,PARN,PABPC5,EXOSC10,PABPC4L,CNOT3"
"hpv11,hpv16,hpv18,hpv58,hpv59;hpv16;hpv16",,,,,,,,,Cancer,KEGG pathway,ABC transporters,44,10,2.45,4.08,0.0001,0.0003,"ABCB5,ABCC4,ABCA12,ABCC6,ABCD3,ABCB7,ABCA13,ABCA6,ABCG1,ABCA9"
hpv16;hpv16;hpv16,,,,,,,,,Cancer,KEGG pathway,Glycerophospholipid metabolism,80,14,4.46,3.14,0.0001,0.0003,"PLA2G4A,DGKH,AGPAT4,AGPAT9,GNPAT,DGKI,GPD2,PLA2G5,ETNK1,AGPAT3,PLD1,DGKB,TAZ,DGKE"
"hpv58;hpv16,hpv31;hpv16",,,,,,,,,Cancer,KEGG pathway,Acute myeloid leukemia,57,12,3.18,3.78,5.95E-05,0.0003,"NRAS,JUP,ZBTB16,RUNX1T1,PIK3R5,MYC,CCNA1,IKBKB,PIK3R1,RPS6KB1,KRAS,KIT"
"hpv16,hpv33,hpv58;hpv16;hpv16,hpv58",,,,,,,,,Cancer,KEGG pathway,Fc gamma R-mediated phagocytosis,94,16,5.24,3.05,6.07E-05,0.0003,"PLA2G4A,VAV3,LAT,DNM3,WASF1,VAV2,PIK3R1,DOCK2,PTPRC,PRKCE,PLA2G4D,CDC42,PIK3R5,RPS6KB1,PLD1,SYK"
"hpv16;hpv16,hpv31;hpv16",,,,,,,,,Cancer,KEGG pathway,"Valine, leucine and isoleucine degradation",44,10,2.45,4.08,0.0001,0.0003,"OXCT1,MUT,EHHADH,BCKDHB,PCCA,AOX1,ACAA2,MCCC1,ALDH3A2,MCCC2"
"hpv16;hpv16;hpv16,hpv58",,,,,,,,,Cancer,KEGG pathway,Melanoma,71,13,3.96,3.28,0.0001,0.0003,"FGF14,NRAS,IGF1R,FGF13,PIK3R5,MITF,PIK3R1,IGF1,HGF,KRAS,CDKN1A,CDK6,EGFR"
hpv16;hpv16;hpv16,,,,,,,,,Cancer,KEGG pathway,Pancreatic secretion,101,16,5.63,2.84,0.0001,0.0003,"PLA2G4A,ATP2A3,KCNMA1,PLA2G5,RAP1B,ATP1A1,SLC4A4,ADCY2,CPB2,ITPR1,ATP1B4,PLCB4,RAB27B,ATP2B4,CHRM3,ATP2B1"
hpv16;hpv16;hpv16,,,,,,,,,Cancer,KEGG pathway,Osteoclast differentiation,128,19,7.14,2.66,9.06E-05,0.0003,"PPP3CA,CYLD,PPARG,IFNB1,PIK3R1,NFATC2,TGFB2,MAPK14,FOS,TGFBR2,NFATC1,PIK3R5,MITF,IKBKB,JUNB,MAP3K7,CREB1,MAPK10,SYK"
"hpv16;hpv16;hpv16,hpv58",,,,,,,,,Cancer,KEGG pathway,B cell receptor signaling pathway,75,13,4.18,3.11,0.0002,0.0007,"VAV3,PPP3CA,NRAS,PIK3R5,VAV2,IKBKB,PIK3R1,NFATC2,KRAS,RASGRP3,FOS,NFATC1,SYK"
hpv16;hpv16;hpv16,,,,,,,,,Cancer,KEGG pathway,Hepatitis C,134,19,7.47,2.54,0.0002,0.0007,"CLDN1,CLDN5,NRAS,IFNB1,PIK3R1,PPP2CB,PPP2R2A,KRAS,CLDN22,CDKN1A,MAPK14,EGFR,TLR3,EIF2AK2,PIK3R5,IL8,IKBKB,MAPK10,CLDN18"
"hpv16;hpv16;hpv16,hpv18,hpv31,hpv52",,,,,,,,,Cancer,KEGG pathway,Chronic myeloid leukemia,73,13,4.07,3.19,0.0002,0.0007,"NRAS,PIK3R5,MYC,IKBKB,PIK3R1,PTPN11,CBLB,KRAS,CDKN1A,TGFB2,TGFBR2,CDK6,MECOM"
hpv58;hpv16;hpv16,,,,,,,,,Cancer,KEGG pathway,Type II diabetes mellitus,48,10,2.68,3.74,0.0003,0.0009,"PRKCE,CACNA1C,PIK3R5,IKBKB,CACNA1A,PIK3R1,CACNA1D,CACNA1B,MAPK10,IRS4"
"hpv16;hpv16,hpv58,hpv59;hpv16",,,,,,,,,Cancer,KEGG pathway,Propanoate metabolism,32,8,1.78,4.48,0.0003,0.0009,"ACACB,ACSS3,MUT,EHHADH,SUCLG1,PCCA,SUCLG2,ALDH3A2"
"hpv16;hpv16;hpv16,hpv31",,,,,,,,,Cancer,KEGG pathway,Maturity onset diabetes of the young,25,7,1.39,5.02,0.0003,0.0009,"HHEX,HES1,FOXA2,NKX2-2,HNF4G,NR5A2,MNX1"
"hpv16;hpv16;hpv16,hpv58",,,,,,,,,Cancer,KEGG pathway,Aldosterone-regulated sodium reabsorption,42,9,2.34,3.84,0.0004,0.0012,"ATP1A1,PIK3R5,PIK3R1,ATP1B4,IGF1,SGK1,KRAS,NEDD4L,IRS4"
"hpv16,hpv18,hpv31;hpv16,hpv18;hpv16,hpv58",,,,,,,,,Cancer,KEGG pathway,Glycerolipid metabolism,50,10,2.79,3.59,0.0004,0.0012,"DGKH,AGPAT4,AGPAT9,DGKI,LIPG,AGPAT3,DGKB,MGLL,ALDH3A2,DGKE"
"hpv16;hpv16;hpv16,hpv58",,,,,,,,,Cancer,KEGG pathway,Protein processing in endoplasmic reticulum,165,21,9.2,2.28,0.0004,0.0012,"HSPH1,PARK2,UBE2E2,SEC61B,SEC61G,HERPUD1,MAN1A1,PDIA4,SEC24B,TUSC3,EIF2AK2,DNAJC1,SIL1,YOD1,UBE2E3,MAP3K5,PDIA6,ATXN3L,MAPK10,NFE2L2,SVIP"
"hpv16;hpv16,hpv18,hpv31,hpv52;hpv16",,,,,,,,,Cancer,KEGG pathway,Type I diabetes mellitus,43,9,2.4,3.75,0.0005,0.0015,"HLA-B,IL12A,ICA1,HLA-E,FASLG,PTPRN2,HLA-C,GZMB,IL12B"
"hpv16;hpv16,hpv18;hpv16,hpv31",,,,,,,,,Cancer,KEGG pathway,Oocyte meiosis,112,16,6.25,2.56,0.0005,0.0015,"PPP3CA,PPP2CB,PRKX,YWHAQ,YWHAE,PPP2R5E,ANAPC1,IGF1R,CDC27,CAMK2B,ADCY2,ITPR1,MAD2L1,IGF1,AR,ANAPC4"
hpv16;hpv16;hpv16,,,,,,,,,Cancer,KEGG pathway,Colorectal cancer,62,11,3.46,3.18,0.0006,0.0017,"CASP3,PIK3R5,DCC,MYC,PIK3R1,RALGDS,KRAS,TGFB2,FOS,TGFBR2,MAPK10"
"hpv16;hpv16;hpv16,hpv58",,,,,,,,,Cancer,KEGG pathway,Leishmaniasis,72,12,4.02,2.99,0.0006,0.0017,"TLR2,IL12A,PTGS2,ITGA4,JAK2,MYD88,TGFB2,MAP3K7,MAPK14,FOS,TLR4,IL12B"
"hpv16;hpv16;hpv16,hpv31",,,,,,,,,Cancer,KEGG pathway,Purine metabolism,162,20,9.03,2.21,0.0007,0.002,"PDE4B,PDE1C,PDE5A,PDE8B,AMPD3,PDE1A,POLE,RRM2B,PDE10A,ADCY2,ATIC,FHIT,NT5C1B,PDE4D,ADK,NUDT9,ALLC,GUCY2F,AMPD1,NT5E"
hpv16;hpv18;hpv16,,,,,,,,,Cancer,KEGG pathway,Phosphatidylinositol signaling system,78,12,4.35,2.76,0.0012,0.0033,"DGKH,ITPKB,PIK3C3,PIK3R5,DGKI,PIK3R1,ITPR1,PLCE1,PLCB4,DGKB,SYNJ1,DGKE"
"hpv16;hpv16;hpv16,hpv58",,,,,,,,,Cancer,KEGG pathway,Adipocytokine signaling pathway,68,11,3.79,2.9,0.0013,0.0035,"ACACB,PRKAG2,IKBKB,NPY,PTPN11,JAK2,STK11,LEP,CD36,MAPK10,IRS4"
"hpv16,hpv59;hpv16;hpv16",,,,,,,,,Cancer,KEGG pathway,Huntington's disease,183,21,10.21,2.06,0.0014,0.0036,"CASP3,NDUFS1,CLTCL1,PPARG,SOD2,NDUFA4,TAF4B,VDAC1,GRM5,NDUFS4,HTT,NDUFB4,ITPR1,TAF4,UQCRC2,TBPL1,PLCB4,CREB1,NDUFA12,GPX1,COX7B2"
hpv16;hpv16;hpv16,,,,,,,,,Cancer,KEGG pathway,Pyruvate metabolism,40,8,2.23,3.59,0.0014,0.0036,"PDHA1,ACACB,ACOT12,PDHA2,ACYP2,ME1,PDHB,ALDH3A2"
"hpv16;hpv16,hpv58;hpv16",,,,,,,,,Cancer,KEGG pathway,Dilated cardiomyopathy,90,13,5.02,2.59,0.0014,0.0036,"PLN,DMD,CACNA1C,ADCY2,ITGA4,CACNB2,IGF1,SGCD,PRKX,CACNA1D,LAMA2,TGFB2,SLC8A1"
"hpv16;hpv16;hpv16,hpv31",,,,,,,,,Cancer,KEGG pathway,Gap junction,90,13,5.02,2.59,0.0014,0.0036,"NRAS,GJA1,ADCY2,ITPR1,PRKG1,PRKG2,PLCB4,PRKX,KRAS,EGFR,GRM5,DRD1,GNAI1"
hpv16;hpv16;hpv16,,,,,,,,,Cancer,KEGG pathway,Bacterial invasion of epithelial cells,70,11,3.9,2.82,0.0016,0.0039,"DNM3,CDC42,WASF1,CLTCL1,ELMO1,PIK3R5,PIK3R1,CBLB,VCL,CAV2,CTNNA2"
hpv16;hpv16;hpv16,,,,,,,,,Cancer,KEGG pathway,Viral myocarditis,70,11,3.9,2.82,0.0016,0.0039,"HLA-B,CASP3,CD55,DMD,HLA-E,SGCD,EIF4G3,LAMA2,HLA-C,MYH10,MYH7B"
hpv16;hpv16;hpv16,,,,,,,,,Cancer,KEGG pathway,Rheumatoid arthritis,91,13,5.07,2.56,0.0016,0.0039,"TLR2,CTLA4,IL15,CCL2,IL8,TNFSF13B,CXCL6,CXCL12,TGFB2,VEGFA,ATP6V1H,TLR4,FOS"
"hpv16;hpv16,hpv31;hpv16",,,,,,,,,Cancer,KEGG pathway,"Phenylalanine, tyrosine and tryptophan biosynthesis",5,3,0.28,10.76,0.0016,0.0039,"GOT1,GOT2,PAH"
"hpv16;hpv16;hpv16,hpv58",,,,,,,,,Cancer,KEGG pathway,Nicotinate and nicotinamide metabolism,24,6,1.34,4.48,0.0017,0.0041,"NT5C1B,NUDT12,NMNAT2,NNT,AOX1,NT5E"
"hpv16,hpv59;hpv16;hpv16",,,,,,,,,Cancer,KEGG pathway,Dorso-ventral axis formation,24,6,1.34,4.48,0.0017,0.0041,"KRAS,ETS1,EGFR,ETV6,FMN2,NOTCH4"
"hpv16,hpv58,hpv59;hpv16;hpv16",,,,,,,,,Cancer,KEGG pathway,mTOR signaling pathway,52,9,2.9,3.1,0.0021,0.005,"RPTOR,VEGFC,HIF1A,PIK3R5,PIK3R1,IGF1,STK11,RPS6KB1,VEGFA"
hpv16;hpv16;hpv16,,,,,,,,,Cancer,KEGG pathway,Drug metabolism - cytochrome P450,73,11,4.07,2.7,0.0023,0.0054,"ADH7,UGT2B4,FMO1,UGT2B28,ALDH1A3,AOX1,CYP2B6,UGT2B7,CYP2A7,CYP2C18,UGT2B10"
"hpv16,hpv18;hpv16;hpv16,hpv58",,,,,,,,,Cancer,KEGG pathway,Amyotrophic lateral sclerosis (ALS),53,9,2.96,3.05,0.0025,0.0058,"CAT,CASP3,NEFM,PPP3CA,GRIA1,GRIA2,MAP3K5,MAPK14,GPX1"
"hpv16,hpv33;hpv16;hpv16",,,,,,,,,Cancer,KEGG pathway,Small cell lung cancer,85,12,4.74,2.53,0.0026,0.0059,"CDKN2B,RARB,PTGS2,PIK3R5,MYC,IKBKB,PIK3R1,COL4A1,FHIT,LAMA2,LAMA1,CDK6"
hpv16;hpv16;hpv16,,,,,,,,,Cancer,KEGG pathway,Gastric acid secretion,74,11,4.13,2.67,0.0026,0.0059,"ATP1A1,SLC26A7,ADCY2,CAMK2B,ITPR1,ATP1B4,PRKX,PLCB4,CHRM3,KCNE2,GNAI1"
"hpv16,hpv31;hpv16;hpv16",,,,,,,,,Cancer,KEGG pathway,Non-small cell lung cancer,54,9,3.01,2.99,0.0028,0.0063,"RARB,NRAS,PIK3R5,PIK3R1,KRAS,FHIT,CDK6,FOXO3,EGFR"
"hpv16;hpv11,hpv16,hpv18,hpv58,hpv59;hpv16,hpv58",,,,,,,,,Cancer,KEGG pathway,Glioma,65,10,3.62,2.76,0.0031,0.0067,"NRAS,IGF1R,PIK3R5,CAMK2B,PIK3R1,IGF1,KRAS,CDKN1A,CDK6,EGFR"
"hpv16;hpv16,hpv58;hpv16",,,,,,,,,Cancer,KEGG pathway,Lysosome,121,15,6.75,2.22,0.0031,0.0067,"CTSG,AP1M2,CLTCL1,GALC,CTSC,CTSB,AP1S2,AP3B1,MAN2B1,SLC17A5,HGSNAT,ATP6V1H,AGA,NEU1,DNASE2B"
"hpv16;hpv16,hpv31;hpv16",,,,,,,,,Cancer,KEGG pathway,Glycolysis / Gluconeogenesis,65,10,3.62,2.76,0.0031,0.0067,"PDHA1,ADH7,BPGM,FBP1,ALDOA,ALDH1A3,PDHA2,PDHB,ALDH3A2,PFKP"
"hpv58;hpv16,hpv31;hpv16,hpv58",,,,,,,,,Cancer,KEGG pathway,Basal cell carcinoma,55,9,3.07,2.93,0.0032,0.0068,"BMP2,GLI2,FZD8,FZD3,SHH,PTCH1,FZD2,FZD1,WNT5A"
"hpv16;hpv16;hpv16,hpv58",,,,,,,,,Cancer,KEGG pathway,Hedgehog signaling pathway,56,9,3.12,2.88,0.0036,0.0076,"BMP2,GLI2,SHH,LRP2,PTCH1,PRKX,CSNK1A1,BMP6,WNT5A"
"hpv16,hpv18,hpv52;hpv16;hpv16",,,,,,,,,Cancer,KEGG pathway,Prostate cancer,89,12,4.96,2.42,0.0039,0.008,"NRAS,IGF1R,FGFR2,PIK3R5,IKBKB,PIK3R1,IGF1,AR,KRAS,CDKN1A,CREB1,EGFR"
"hpv16;hpv16,hpv18;hpv16",,,,,,,,,Cancer,KEGG pathway,Cell cycle,124,15,6.91,2.17,0.0039,0.008,"CDKN2B,ANAPC1,BUB3,CDC27,MYC,CCNA1,MAD2L1,STAG2,MAD1L1,YWHAQ,CDKN1A,TGFB2,YWHAE,CDK6,ANAPC4"
hpv16;hpv16;hpv16,,,,,,,,,Cancer,KEGG pathway,Allograft rejection,37,7,2.06,3.39,0.0039,0.008,"FASLG,HLA-B,IL12A,HLA-C,GZMB,HLA-E,IL12B"
"hpv16;hpv16,hpv31;hpv16,hpv58",,,,,,,,,Cancer,KEGG pathway,Epithelial cell signaling in Helicobacter pylori infection,68,10,3.79,2.64,0.0043,0.0087,"CASP3,CDC42,IL8,IKBKB,PTPN11,ATP6V1H,MAPK10,MAPK14,MAP2K4,EGFR"
"hpv16;hpv16,hpv18;hpv16",,,,,,,,,Cancer,KEGG pathway,NOD-like receptor signaling pathway,58,9,3.23,2.78,0.0046,0.0092,"CARD18,TNFAIP3,RIPK2,CCL2,IL8,IKBKB,MAP3K7,MAPK10,MAPK14"
"hpv16;hpv16,hpv31;hpv16",,,,,,,,,Cancer,KEGG pathway,Intestinal immune network for IgA production,48,8,2.68,2.99,0.0047,0.0093,"LTBR,CXCR4,IL15RA,IL15,ITGA4,TNFSF13B,CXCL12,ICOS"
"hpv16;hpv16,hpv31;hpv16,hpv58",,,,,,,,,Cancer,KEGG pathway,Thyroid cancer,29,6,1.62,3.71,0.0047,0.0093,"KRAS,NRAS,PPARG,CCDC6,MYC,RET"
"hpv16,hpv18;hpv16;hpv16",,,,,,,,,Cancer,KEGG pathway,Arachidonic acid metabolism,59,9,3.29,2.74,0.0052,0.0101,"PLA2G4A,PTGS2,PTGIS,PLA2G5,CYP2B6,PTGS1,LTA4H,GPX1,CYP2C18"
"hpv16,hpv31;hpv16;hpv16,hpv58",,,,,,,,,Cancer,KEGG pathway,Citrate cycle (TCA cycle),30,6,1.67,3.59,0.0056,0.0107,"PDHA2,PDHA1,SUCLG2,SUCLG1,PDHB,FH"
hpv16;hpv16;hpv16,,,,,,,,,Cancer,KEGG pathway,Butanoate metabolism,30,6,1.67,3.59,0.0056,0.0107,"PDHA2,PDHA1,OXCT1,EHHADH,PDHB,BDH1"
"hpv16;hpv16,hpv33;hpv16",,,,,,,,,Cancer,KEGG pathway,Hypertrophic cardiomyopathy (HCM),83,11,4.63,2.38,0.0063,0.0119,"PRKAG2,DMD,CACNA1C,ITGA4,CACNB2,IGF1,SGCD,LAMA2,CACNA1D,TGFB2,SLC8A1"
"hpv16,hpv33,hpv58;hpv16;hpv58",,,,,,,,,Cancer,KEGG pathway,Tyrosine metabolism,41,7,2.29,3.06,0.007,0.0131,"LCMT1,GOT1,ADH7,GOT2,ALDH1A3,AOX1,FAH"
"hpv16;hpv16,hpv58",,,,,,,,,Cancer,KEGG pathway,Endometrial cancer,52,8,2.9,2.76,0.0078,0.0142,"NRAS,PIK3R5,MYC,PIK3R1,KRAS,FOXO3,CTNNA2,EGFR"
hpv16;hpv16,,,,,,,,,Cancer,KEGG pathway,"Alanine, aspartate and glutamate metabolism",32,6,1.78,3.36,0.0077,0.0142,"ASS1,GOT1,GFPT2,ASNS,CPS1,GOT2"
hpv16;hpv16,,,,,,,,,Cancer,KEGG pathway,Pentose and glucuronate interconversions,32,6,1.78,3.36,0.0077,0.0142,"UGT2B4,ALDH3A2,UGT2B7,UGT2B28,UGT2B10,CRYL1"
"hpv16;hpv16,hpv18,hpv45",,,,,,,,,Cancer,KEGG pathway,Retinol metabolism,64,9,3.57,2.52,0.0088,0.0159,"ADH7,UGT2B4,UGT2B28,CYP2B6,PNPLA4,UGT2B7,CYP2A7,CYP2C18,UGT2B10"
"hpv16;hpv16,hpv31",,,,,,,,,Cancer,KEGG pathway,Arginine and proline metabolism,54,8,3.01,2.66,0.0097,0.0174,"ASS1,GOT1,CPS1,OTC,GOT2,GATM,ALDH3A2,NOS3"
"hpv58;hpv16,hpv31",,,,,,,,,Cancer,KEGG pathway,Insulin signaling pathway,138,15,7.7,1.95,0.0103,0.0183,"RPTOR,ACACB,PRKAG2,NRAS,PIK3R5,FBP1,IKBKB,PPP1R3A,PIK3R1,CBLB,PRKX,KRAS,RPS6KB1,MAPK10,IRS4"
"hpv16,hpv18;hpv16",,,,,,,,,Cancer,KEGG pathway,Phagosome,153,16,8.53,1.88,0.0117,0.0206,"PIK3C3,SEC61B,THBS2,SEC61G,HLA-E,DYNC1I1,CD36,EEA1,TFRC,THBS1,MBL2,TLR2,HLA-B,HLA-C,ATP6V1H,TLR4"
"hpv16;hpv16,hpv18",,,,,,,,,Cancer,KEGG pathway,Steroid hormone biosynthesis,56,8,3.12,2.56,0.012,0.0209,"CYP7A1,UGT2B4,HSD17B3,STS,AKR1D1,UGT2B7,UGT2B28,UGT2B10"
"hpv16;hpv16,hpv58",,,,,,,,,Cancer,KEGG pathway,Alzheimer's disease,167,17,9.31,1.83,0.0123,0.0213,"CASP3,PPP3CA,NDUFS1,ATP2A3,NDUFA4,APP,NDUFS4,CACNA1C,NDUFB4,ITPR1,UQCRC2,PSEN2,PLCB4,CACNA1D,NDUFA12,NAE1,COX7B2"
hpv16;hpv16,,,,,,,,,Cancer,KEGG pathway,Phenylalanine metabolism,17,4,0.95,4.22,0.0128,0.022,"GOT1,GOT2,PAH,ALDH1A3"
"hpv16,hpv31;hpv16",,,,,,,,,Cancer,KEGG pathway,Other types of O-glycan biosynthesis,46,7,2.57,2.73,0.0132,0.0223,"UGT2B4,GXYLT1,UGT2B7,UGT2B28,ST6GAL2,UGT2B10,OGT"
hpv16;hpv16,,,,,,,,,Cancer,KEGG pathway,Ascorbate and aldarate metabolism,26,5,1.45,3.45,0.0132,0.0223,"UGT2B4,ALDH3A2,UGT2B7,UGT2B28,UGT2B10"
hpv16;hpv16,,,,,,,,,Cancer,KEGG pathway,Complement and coagulation cascades,69,9,3.85,2.34,0.0142,0.0237,"MBL2,CD55,CFH,CPB2,TFPI,F13A1,PLG,F9,MASP2"
"hpv16;hpv16,hpv58",,,,,,,,,Cancer,KEGG pathway,mRNA surveillance pathway,83,10,4.63,2.16,0.017,0.0282,"PPP2R5E,PELO,PPP2CB,PPP2R2A,SYMPK,PABPC5,HBS1L,PPP2R3A,PABPC4L,PABPN1"
hpv16;hpv16,,,,,,,,,Cancer,KEGG pathway,N-Glycan biosynthesis,49,7,2.73,2.56,0.0183,0.0301,"TUSC3,MGAT4C,ALG13,MGAT5,MAN1A1,ALG10B,ST6GAL2"
"hpv16;hpv16,hpv58",,,,,,,,,Cancer,KEGG pathway,"Valine, leucine and isoleucine biosynthesis",11,3,0.61,4.89,0.0204,0.0333,"PDHA2,PDHA1,PDHB"
hpv16;hpv16,,,,,,,,,Cancer,KEGG pathway,RNA transport,151,15,8.42,1.78,0.0218,0.0353,"GEMIN5,EIF2S2,NUP50,XPO5,NUP93,RPP21,EIF4G3,NUP153,PABPC5,STRAP,PABPC4L,POM121,TACC3,EIF3A,POM121C"
"hpv16;hpv16,hpv33",,,,,,,,,Cancer,KEGG pathway,Hematopoietic cell lineage,88,10,4.91,2.04,0.0246,0.0393,"IL7,CD55,ITGA4,KITLG,CD44,KIT,CD36,IL9R,TFRC,CD5"
hpv16;hpv16,,,,,,,,,Cancer,KEGG pathway,Drug metabolism - other enzymes,52,7,2.9,2.41,0.0247,0.0393,"UGT2B4,DPYD,UGT2B7,UGT2B28,CYP2A7,CES1,UGT2B10"
"hpv16;hpv16,hpv58",,,,,,,,,Cancer,KEGG pathway,Starch and sucrose metabolism,54,7,3.01,2.32,0.0297,0.0467,"GBE1,UGT2B4,UGT2B7,UGT2B28,GBA3,UGT2B10,SI"
hpv16;hpv16,,,,,,,,,Cancer,KEGG pathway,Parkinson's disease,130,13,7.25,1.79,0.0298,0.0467,"CASP3,PARK2,NDUFS1,NDUFB4,SLC6A3,UQCRC2,NDUFA4,VDAC1,NDUFA12,SNCAIP,PARK7,COX7B2,NDUFS4"
"hpv16,hpv18;hpv16",,,,,,,,,Cancer,KEGG pathway,Porphyrin and chlorophyll metabolism,43,6,2.4,2.5,0.0311,0.0484,"UGT2B4,COX10,UGT2B7,UGT2B28,UGT2B10,FTMT"
"hpv16;hpv16,hpv58",,,,,,,,,Cancer,KEGG pathway,Circadian rhythm - mammal,22,4,1.23,3.26,0.0315,0.0486,"RORB,BHLHE40,CRY1,NPAS2"
hpv16;hpv16,,,,,,,,,,,,,,,,,,
"hpv16,hpv31;hpv16",,,,,,,,,,,,,,,,,,
"hpv16,hpv31;hpv16,hpv58",,,,,,,,,,,,,,,,,,
hpv16;hpv16,,,,,,,,,,,,,,,,,,
hpv16;hpv16,,,,,,,,,,,,,,,,,,
hpv16;hpv16,,,,,,,,,,,,,,,,,,
"hpv16,hpv18;hpv16",,,,,,,,,,,,,,,,,,
"hpv16;hpv16,hpv33",,,,,,,,,,,,,,,,,,
"hpv16,hpv18;hpv16",,,,,,,,,,,,,,,,,,
hpv16;hpv16,,,,,,,,,,,,,,,,,,
"hpv16,hpv18;hpv16,hpv58",,,,,,,,,,,,,,,,,,
hpv16;hpv16,,,,,,,,,,,,,,,,,,
hpv16;hpv16,,,,,,,,,,,,,,,,,,
"hpv16,hpv18;hpv16",,,,,,,,,,,,,,,,,,
"hpv16;hpv16,hpv58",,,,,,,,,,,,,,,,,,
"hpv16;hpv16,hpv58",,,,,,,,,,,,,,,,,,
hpv16;hpv16,,,,,,,,,,,,,,,,,,
"hpv16,hpv58;hpv16,hpv58",,,,,,,,,,,,,,,,,,
"hpv16,hpv31;hpv16",,,,,,,,,,,,,,,,,,
hpv16;hpv16,,,,,,,,,,,,,,,,,,
"hpv16;hpv16,hpv58",,,,,,,,,,,,,,,,,,
"hpv16;hpv11,hpv16,hpv33",,,,,,,,,,,,,,,,,,
"hpv11,hpv16,hpv33;hpv16",,,,,,,,,,,,,,,,,,
hpv16;hpv16,,,,,,,,,,,,,,,,,,
"hpv16;hpv16,hpv31",,,,,,,,,,,,,,,,,,
hpv18;hpv16,,,,,,,,,,,,,,,,,,
"hpv16;hpv16,hpv33",,,,,,,,,,,,,,,,,,
hpv16;hpv16,,,,,,,,,,,,,,,,,,
hpv16;hpv16,,,,,,,,,,,,,,,,,,
hpv16;hpv16,,,,,,,,,,,,,,,,,,
hpv16;hpv16,,,,,,,,,,,,,,,,,,
hpv16;hpv16,,,,,,,,,,,,,,,,,,
hpv16;hpv16,,,,,,,,,,,,,,,,,,
"hpv16;hpv16,hpv18",,,,,,,,,,,,,,,,,,
hpv16;hpv16,,,,,,,,,,,,,,,,,,
hpv16;hpv16,,,,,,,,,,,,,,,,,,
hpv16;hpv16,,,,,,,,,,,,,,,,,,
hpv16;hpv58,,,,,,,,,,,,,,,,,,
hpv16;hpv16,,,,,,,,,,,,,,,,,,
hpv16;hpv16,,,,,,,,,,,,,,,,,,
hpv16;hpv16,,,,,,,,,,,,,,,,,,
"hpv16;hpv16,hpv31",,,,,,,,,,,,,,,,,,
"hpv16,hpv18,hpv31,hpv52;hpv16,hpv18",,,,,,,,,,,,,,,,,,
"hpv16,hpv31;hpv16,hpv18",,,,,,,,,,,,,,,,,,
hpv16;hpv16,,,,,,,,,,,,,,,,,,
"hpv16;hpv16,hpv31",,,,,,,,,,,,,,,,,,
"hpv16;hpv16,hpv33",,,,,,,,,,,,,,,,,,
"hpv16;hpv16,hpv33",,,,,,,,,,,,,,,,,,
hpv16;hpv16,,,,,,,,,,,,,,,,,,
"hpv16;hpv16,hpv58",,,,,,,,,,,,,,,,,,
"hpv16,hpv59;hpv16,hpv58",,,,,,,,,,,,,,,,,,
hpv16;hpv16,,,,,,,,,,,,,,,,,,
hpv16;hpv16,,,,,,,,,,,,,,,,,,
hpv16;hpv16,,,,,,,,,,,,,,,,,,
"hpv16,hpv18;hpv16",,,,,,,,,,,,,,,,,,
"hpv16;hpv16,hpv31",,,,,,,,,,,,,,,,,,
"hpv16,hpv31;hpv16",,,,,,,,,,,,,,,,,,
"hpv16;hpv16,hpv58",,,,,,,,,,,,,,,,,,
hpv16;hpv16,,,,,,,,,,,,,,,,,,
"hpv16,hpv18;hpv16",,,,,,,,,,,,,,,,,,
hpv16;hpv16,,,,,,,,,,,,,,,,,,
hpv16;hpv16,,,,,,,,,,,,,,,,,,
"hpv16;hpv16,hpv31",,,,,,,,,,,,,,,,,,
"hpv16;hpv16,hpv18,hpv31,hpv52",,,,,,,,,,,,,,,,,,
hpv16;hpv16,,,,,,,,,,,,,,,,,,
"hpv16;hpv16,hpv58",,,,,,,,,,,,,,,,,,
"hpv16;hpv16,hpv58",,,,,,,,,,,,,,,,,,
hpv16;hpv16,,,,,,,,,,,,,,,,,,
"hpv16;hpv16,hpv58",,,,,,,,,,,,,,,,,,
hpv16;hpv16,,,,,,,,,,,,,,,,,,
"hpv16;hpv16,hpv58",,,,,,,,,,,,,,,,,,
"hpv16;hpv16,hpv31",,,,,,,,,,,,,,,,,,
"hpv16,hpv18;hpv16",,,,,,,,,,,,,,,,,,
hpv58;hpv16,,,,,,,,,,,,,,,,,,
"hpv16;hpv16,hpv31",,,,,,,,,,,,,,,,,,
hpv58;hpv16,,,,,,,,,,,,,,,,,,
hpv16;hpv16,,,,,,,,,,,,,,,,,,
hpv16;hpv16,,,,,,,,,,,,,,,,,,
"hpv16,hpv18;hpv16,hpv58",,,,,,,,,,,,,,,,,,
hpv16;hpv16,,,,,,,,,,,,,,,,,,
"hpv16;hpv16,hpv58",,,,,,,,,,,,,,,,,,
hpv16;hpv16,,,,,,,,,,,,,,,,,,
"hpv16;hpv16,hpv58",,,,,,,,,,,,,,,,,,
hpv16;hpv16,,,,,,,,,,,,,,,,,,
"hpv16;hpv16,hpv31",,,,,,,,,,,,,,,,,,
"hpv16;hpv16,hpv18",,,,,,,,,,,,,,,,,,
hpv16;hpv16,,,,,,,,,,,,,,,,,,
"hpv16;hpv16,hpv58",,,,,,,,,,,,,,,,,,
hpv16;hpv16,,,,,,,,,,,,,,,,,,
hpv16;hpv16,,,,,,,,,,,,,,,,,,
"hpv16,hpv18,hpv31,hpv52;hpv16,hpv18",,,,,,,,,,,,,,,,,,
hpv16;hpv16,,,,,,,,,,,,,,,,,,
"hpv16;hpv16,hpv58",,,,,,,,,,,,,,,,,,
"hpv16,hpv31;hpv16",,,,,,,,,,,,,,,,,,
"hpv11,hpv16,hpv18,hpv58,hpv59;hpv16,hpv31",,,,,,,,,,,,,,,,,,
hpv16;hpv16,,,,,,,,,,,,,,,,,,
"hpv16,hpv18;hpv16",,,,,,,,,,,,,,,,,,
hpv18;hpv16,,,,,,,,,,,,,,,,,,
hpv16;hpv16,,,,,,,,,,,,,,,,,,
hpv16;hpv16,,,,,,,,,,,,,,,,,,
"hpv16,hpv31;hpv16",,,,,,,,,,,,,,,,,,
"hpv16;hpv16,hpv58",,,,,,,,,,,,,,,,,,
"hpv16,hpv31;hpv16",,,,,,,,,,,,,,,,,,
"hpv16;hpv16,hpv31",,,,,,,,,,,,,,,,,,
"hpv16,hpv18;hpv16",,,,,,,,,,,,,,,,,,
"hpv16;hpv16,hpv58",,,,,,,,,,,,,,,,,,
"hpv16,hpv31;hpv16",,,,,,,,,,,,,,,,,,
"hpv16;hpv16,hpv58",,,,,,,,,,,,,,,,,,
"hpv58;hpv16,hpv18",,,,,,,,,,,,,,,,,,
"hpv16,hpv31;hpv16,hpv58",,,,,,,,,,,,,,,,,,
"hpv16,hpv58;hpv16",,,,,,,,,,,,,,,,,,
"hpv16,hpv18;hpv16",,,,,,,,,,,,,,,,,,
"hpv16,hpv18;hpv16,hpv58",,,,,,,,,,,,,,,,,,
"hpv11,hpv16,hpv33;hpv16,hpv31",,,,,,,,,,,,,,,,,,
hpv16;hpv16,,,,,,,,,,,,,,,,,,
hpv16;hpv16,,,,,,,,,,,,,,,,,,
hpv16;hpv16,,,,,,,,,,,,,,,,,,
hpv16;hpv16,,,,,,,,,,,,,,,,,,
"hpv16,hpv18;hpv16",,,,,,,,,,,,,,,,,,
hpv16;hpv16,,,,,,,,,,,,,,,,,,
hpv16;hpv16,,,,,,,,,,,,,,,,,,
"hpv16;hpv16,hpv58",,,,,,,,,,,,,,,,,,
hpv16;hpv16,,,,,,,,,,,,,,,,,,
hpv16;hpv16,,,,,,,,,,,,,,,,,,
"hpv16;hpv16,hpv18,hpv31,hpv52",,,,,,,,,,,,,,,,,,
hpv16;hpv16,,,,,,,,,,,,,,,,,,
hpv16;hpv16,,,,,,,,,,,,,,,,,,
hpv16;hpv16,,,,,,,,,,,,,,,,,,
"hpv16,hpv31;hpv16",,,,,,,,,,,,,,,,,,
"hpv16;hpv11,hpv16,hpv33",,,,,,,,,,,,,,,,,,
"hpv16;hpv16,hpv31",,,,,,,,,,,,,,,,,,
"hpv16,hpv59;hpv16",,,,,,,,,,,,,,,,,,
hpv16;hpv16,,,,,,,,,,,,,,,,,,
"hpv16,hpv31;hpv16",,,,,,,,,,,,,,,,,,
"hpv16;hpv16,hpv58",,,,,,,,,,,,,,,,,,
"hpv16,hpv18,hpv31,hpv52;hpv16",,,,,,,,,,,,,,,,,,
"hpv16;hpv16,hpv58",,,,,,,,,,,,,,,,,,
"hpv16;hpv16,hpv31",,,,,,,,,,,,,,,,,,
hpv16;hpv16,,,,,,,,,,,,,,,,,,
"hpv58;hpv16,hpv58",,,,,,,,,,,,,,,,,,
hpv16;hpv16,,,,,,,,,,,,,,,,,,
"hpv16,hpv33;hpv16,hpv31",,,,,,,,,,,,,,,,,,
"hpv16,hpv18,hpv31,hpv52;hpv16,hpv58",,,,,,,,,,,,,,,,,,
hpv16;hpv16,,,,,,,,,,,,,,,,,,
"hpv16,hpv59;hpv16,hpv31",,,,,,,,,,,,,,,,,,
hpv16;hpv16,,,,,,,,,,,,,,,,,,
"hpv16,hpv31;hpv16",,,,,,,,,,,,,,,,,,
"hpv16;hpv16,hpv58",,,,,,,,,,,,,,,,,,
hpv16;hpv16,,,,,,,,,,,,,,,,,,
hpv16;hpv16,,,,,,,,,,,,,,,,,,
hpv16;hpv16,,,,,,,,,,,,,,,,,,
"hpv16;hpv16,hpv58",,,,,,,,,,,,,,,,,,
hpv16;hpv16,,,,,,,,,,,,,,,,,,
hpv16;hpv16,,,,,,,,,,,,,,,,,,
hpv16;hpv16,,,,,,,,,,,,,,,,,,
"hpv16,hpv18;hpv16",,,,,,,,,,,,,,,,,,
"hpv16,hpv58;hpv16",,,,,,,,,,,,,,,,,,
hpv16;hpv16,,,,,,,,,,,,,,,,,,
"hpv16,hpv31;hpv16,hpv58",,,,,,,,,,,,,,,,,,
"hpv16;hpv16,hpv31",,,,,,,,,,,,,,,,,,
hpv16;hpv16,,,,,,,,,,,,,,,,,,
hpv16;hpv16,,,,,,,,,,,,,,,,,,
hpv16;hpv16,,,,,,,,,,,,,,,,,,
"hpv16;hpv16,hpv33",,,,,,,,,,,,,,,,,,
"hpv11,hpv16,hpv18,hpv58,hpv59;hpv16,hpv58",,,,,,,,,,,,,,,,,,
hpv16;hpv16,,,,,,,,,,,,,,,,,,
"hpv16,hpv31;hpv16",,,,,,,,,,,,,,,,,,
hpv16;hpv16,,,,,,,,,,,,,,,,,,
"hpv16;hpv16,hpv58",,,,,,,,,,,,,,,,,,
hpv16;hpv16,,,,,,,,,,,,,,,,,,
"hpv16;hpv16,hpv18",,,,,,,,,,,,,,,,,,
"hpv16;hpv16,hpv58",,,,,,,,,,,,,,,,,,
hpv16;hpv16,,,,,,,,,,,,,,,,,,
"hpv16;hpv16,hpv58",,,,,,,,,,,,,,,,,,
"hpv11,hpv16,hpv18,hpv59;hpv18,hpv59",,,,,,,,,,,,,,,,,,
"hpv16;hpv16,hpv33",,,,,,,,,,,,,,,,,,
hpv16;hpv16,,,,,,,,,,,,,,,,,,
hpv16;hpv16,,,,,,,,,,,,,,,,,,
"hpv16,hpv31;hpv16",,,,,,,,,,,,,,,,,,
"hpv16,hpv18;hpv16",,,,,,,,,,,,,,,,,,
hpv16;hpv16,,,,,,,,,,,,,,,,,,
"hpv16;hpv16,hpv58",,,,,,,,,,,,,,,,,,
hpv16;hpv58,,,,,,,,,,,,,,,,,,
hpv16;hpv16,,,,,,,,,,,,,,,,,,
"hpv16,hpv31;hpv16,hpv58",,,,,,,,,,,,,,,,,,
"hpv16,hpv31;hpv16",,,,,,,,,,,,,,,,,,
"hpv16;hpv16,hpv58",,,,,,,,,,,,,,,,,,
"hpv16,hpv31;hpv16",,,,,,,,,,,,,,,,,,
hpv16;hpv16,,,,,,,,,,,,,,,,,,
"hpv16;hpv16,hpv31",,,,,,,,,,,,,,,,,,
"hpv16;hpv16,hpv58",,,,,,,,,,,,,,,,,,
hpv16;hpv16,,,,,,,,,,,,,,,,,,
"hpv16;hpv16,hpv31",,,,,,,,,,,,,,,,,,
"hpv16;hpv16,hpv31",,,,,,,,,,,,,,,,,,
"hpv16;hpv16,hpv31",,,,,,,,,,,,,,,,,,
"hpv16,hpv18,hpv31,hpv52;hpv16",,,,,,,,,,,,,,,,,,
"hpv16,hpv18,hpv31,hpv52;hpv16",,,,,,,,,,,,,,,,,,
"hpv16,hpv18;hpv16",,,,,,,,,,,,,,,,,,
"hpv16;hpv16,hpv58",,,,,,,,,,,,,,,,,,
"hpv16;hpv16,hpv58",,,,,,,,,,,,,,,,,,
"hpv16,hpv31;hpv16",,,,,,,,,,,,,,,,,,
hpv16;hpv16,,,,,,,,,,,,,,,,,,
hpv16;hpv16,,,,,,,,,,,,,,,,,,
"hpv16;hpv16,hpv58",,,,,,,,,,,,,,,,,,
hpv16;hpv16,,,,,,,,,,,,,,,,,,
hpv16;hpv16,,,,,,,,,,,,,,,,,,
"hpv16,hpv31;hpv16,hpv18",,,,,,,,,,,,,,,,,,
hpv16;hpv16,,,,,,,,,,,,,,,,,,
"hpv16;hpv16,hpv58",,,,,,,,,,,,,,,,,,
"hpv16,hpv18,hpv31,hpv52;hpv16",,,,,,,,,,,,,,,,,,
"hpv16;hpv16,hpv58",,,,,,,,,,,,,,,,,,
hpv16;hpv16,,,,,,,,,,,,,,,,,,
"hpv16;hpv16,hpv58",,,,,,,,,,,,,,,,,,
hpv16;hpv16,,,,,,,,,,,,,,,,,,
hpv16;hpv16,,,,,,,,,,,,,,,,,,
"hpv16;hpv16,hpv18",,,,,,,,,,,,,,,,,,
hpv16;hpv16,,,,,,,,,,,,,,,,,,
hpv58;hpv16,,,,,,,,,,,,,,,,,,
"hpv16;hpv16,hpv58",,,,,,,,,,,,,,,,,,
hpv16;hpv16,,,,,,,,,,,,,,,,,,
hpv16;hpv16,,,,,,,,,,,,,,,,,,
hpv16;hpv16,,,,,,,,,,,,,,,,,,
hpv16;hpv16,,,,,,,,,,,,,,,,,,
"hpv16;hpv16,hpv58",,,,,,,,,,,,,,,,,,
hpv16;hpv16,,,,,,,,,,,,,,,,,,
"hpv16;hpv16,hpv58",,,,,,,,,,,,,,,,,,
"hpv16;hpv16,hpv18",,,,,,,,,,,,,,,,,,
hpv16;hpv16,,,,,,,,,,,,,,,,,,
"hpv16;hpv16,hpv58",,,,,,,,,,,,,,,,,,
"hpv11,hpv16,hpv18,hpv58,hpv59;hpv16,hpv18",,,,,,,,,,,,,,,,,,
hpv16;hpv16,,,,,,,,,,,,,,,,,,
hpv16;hpv16,,,,,,,,,,,,,,,,,,
hpv16;hpv16,,,,,,,,,,,,,,,,,,
hpv16;hpv16,,,,,,,,,,,,,,,,,,
hpv16;hpv16,,,,,,,,,,,,,,,,,,
hpv16;hpv16,,,,,,,,,,,,,,,,,,
"hpv16,hpv18;hpv16,hpv58",,,,,,,,,,,,,,,,,,
hpv16;hpv16,,,,,,,,,,,,,,,,,,
"hpv16;hpv16,hpv58",,,,,,,,,,,,,,,,,,
hpv16;hpv16,,,,,,,,,,,,,,,,,,
hpv16;hpv16,,,,,,,,,,,,,,,,,,
hpv16;hpv16,,,,,,,,,,,,,,,,,,
hpv16;hpv16,,,,,,,,,,,,,,,,,,
"hpv16;hpv16,hpv58",,,,,,,,,,,,,,,,,,
hpv16;hpv16,,,,,,,,,,,,,,,,,,
"hpv16;hpv16,hpv31",,,,,,,,,,,,,,,,,,
hpv16;hpv16,,,,,,,,,,,,,,,,,,
hpv16;hpv16,,,,,,,,,,,,,,,,,,
"hpv16;hpv16,hpv31",,,,,,,,,,,,,,,,,,
"hpv16;hpv16,hpv58",,,,,,,,,,,,,,,,,,
hpv16;hpv16,,,,,,,,,,,,,,,,,,
hpv16;hpv16,,,,,,,,,,,,,,,,,,
"hpv16,hpv18,hpv31,hpv52;hpv18",,,,,,,,,,,,,,,,,,
"hpv16,hpv31;hpv16",,,,,,,,,,,,,,,,,,
hpv16;hpv16,,,,,,,,,,,,,,,,,,
"hpv16,hpv18;hpv16,hpv31",,,,,,,,,,,,,,,,,,
hpv16;hpv16,,,,,,,,,,,,,,,,,,
"hpv16;hpv16,hpv31",,,,,,,,,,,,,,,,,,
"hpv16;hpv16,hpv18",,,,,,,,,,,,,,,,,,
hpv16;hpv16,,,,,,,,,,,,,,,,,,
"hpv16,hpv31;hpv16,hpv58",,,,,,,,,,,,,,,,,,
"hpv16,hpv31;hpv16",,,,,,,,,,,,,,,,,,
hpv16;hpv16,,,,,,,,,,,,,,,,,,
hpv16;hpv16,,,,,,,,,,,,,,,,,,
"hpv16,hpv58;hpv16",,,,,,,,,,,,,,,,,,
"hpv16,hpv58;hpv16",,,,,,,,,,,,,,,,,,
hpv16;hpv16,,,,,,,,,,,,,,,,,,
hpv16;hpv16,,,,,,,,,,,,,,,,,,
"hpv16;hpv16,hpv18,hpv31,hpv52",,,,,,,,,,,,,,,,,,
"hpv16,hpv31;hpv16,hpv58",,,,,,,,,,,,,,,,,,
hpv16;hpv16,,,,,,,,,,,,,,,,,,
"hpv16,hpv59;hpv16,hpv31",,,,,,,,,,,,,,,,,,
"hpv16;hpv16,hpv18,hpv52",,,,,,,,,,,,,,,,,,
"hpv18,hpv59;hpv58",,,,,,,,,,,,,,,,,,
"hpv16,hpv18;hpv16",,,,,,,,,,,,,,,,,,
hpv16;hpv16,,,,,,,,,,,,,,,,,,
"hpv11,hpv16,hpv18,hpv59;hpv18,hpv59",,,,,,,,,,,,,,,,,,
"hpv16;hpv16,hpv58",,,,,,,,,,,,,,,,,,
hpv16;hpv16,,,,,,,,,,,,,,,,,,
hpv18;hpv16,,,,,,,,,,,,,,,,,,
hpv16;hpv16,,,,,,,,,,,,,,,,,,
"hpv16,hpv18,hpv31,hpv52;hpv16,hpv31",,,,,,,,,,,,,,,,,,
hpv16;hpv16,,,,,,,,,,,,,,,,,,
"hpv16,hpv18;hpv16",,,,,,,,,,,,,,,,,,
"hpv16;hpv16,hpv58",,,,,,,,,,,,,,,,,,
hpv16;hpv16,,,,,,,,,,,,,,,,,,
"hpv16,hpv33;hpv16",,,,,,,,,,,,,,,,,,
hpv16;hpv16,,,,,,,,,,,,,,,,,,
"hpv16,hpv31;hpv18",,,,,,,,,,,,,,,,,,
hpv16;hpv16,,,,,,,,,,,,,,,,,,
"hpv16;hpv16,hpv58",,,,,,,,,,,,,,,,,,
"hpv16,hpv31;hpv16,hpv58",,,,,,,,,,,,,,,,,,
"hpv16;hpv16,hpv58",,,,,,,,,,,,,,,,,,
hpv16;hpv16,,,,,,,,,,,,,,,,,,
"hpv16,hpv18,hpv52;hpv16,hpv31",,,,,,,,,,,,,,,,,,
"hpv16,hpv31;hpv16",,,,,,,,,,,,,,,,,,
"hpv16,hpv31;hpv16,hpv31",,,,,,,,,,,,,,,,,,
"hpv16,hpv59;hpv16",,,,,,,,,,,,,,,,,,
"hpv16,hpv31;hpv16,hpv31",,,,,,,,,,,,,,,,,,
"hpv16,hpv31;hpv16",,,,,,,,,,,,,,,,,,
"hpv16,hpv18;hpv16",,,,,,,,,,,,,,,,,,
"hpv16;hpv16,hpv18",,,,,,,,,,,,,,,,,,
"hpv16;hpv16,hpv18",,,,,,,,,,,,,,,,,,
hpv16;hpv16,,,,,,,,,,,,,,,,,,
"hpv16;hpv16,hpv58",,,,,,,,,,,,,,,,,,
hpv16;hpv16,,,,,,,,,,,,,,,,,,
"hpv16;hpv16,hpv18,hpv31",,,,,,,,,,,,,,,,,,
hpv16;hpv16,,,,,,,,,,,,,,,,,,
"hpv16;hpv16,hpv58",,,,,,,,,,,,,,,,,,
hpv16;hpv16,,,,,,,,,,,,,,,,,,
hpv16;hpv16,,,,,,,,,,,,,,,,,,
"hpv16,hpv31;hpv16",,,,,,,,,,,,,,,,,,
hpv16;hpv16,,,,,,,,,,,,,,,,,,
hpv16;hpv16,,,,,,,,,,,,,,,,,,
"hpv16;hpv16,hpv18",,,,,,,,,,,,,,,,,,
"hpv16;hpv16,hpv58",,,,,,,,,,,,,,,,,,
"hpv16;hpv16,hpv18",,,,,,,,,,,,,,,,,,
"hpv16;hpv16,hpv58",,,,,,,,,,,,,,,,,,
hpv16;hpv16,,,,,,,,,,,,,,,,,,
hpv16;hpv16,,,,,,,,,,,,,,,,,,
"hpv16,hpv31;hpv16,hpv58",,,,,,,,,,,,,,,,,,
"hpv16,hpv18;hpv16",,,,,,,,,,,,,,,,,,
"hpv16;hpv16,hpv58",,,,,,,,,,,,,,,,,,
"hpv16,hpv31;hpv16",,,,,,,,,,,,,,,,,,
hpv16;hpv16,,,,,,,,,,,,,,,,,,
"hpv16;hpv16,hpv58",,,,,,,,,,,,,,,,,,
"hpv16,hpv33;hpv16",,,,,,,,,,,,,,,,,,
"hpv16;hpv16,hpv18",,,,,,,,,,,,,,,,,,
hpv16;hpv16,,,,,,,,,,,,,,,,,,
"hpv16;hpv16,hpv58",,,,,,,,,,,,,,,,,,
"hpv16;hpv16,hpv58",,,,,,,,,,,,,,,,,,
hpv16;hpv16,,,,,,,,,,,,,,,,,,
"hpv16;hpv16,hpv18,hpv31,hpv52",,,,,,,,,,,,,,,,,,
"hpv16;hpv16,hpv58",,,,,,,,,,,,,,,,,,
hpv16;hpv16,,,,,,,,,,,,,,,,,,
"hpv16,hpv31;hpv16,hpv58",,,,,,,,,,,,,,,,,,
"hpv16;hpv16,hpv58",,,,,,,,,,,,,,,,,,
hpv16;hpv16,,,,,,,,,,,,,,,,,,
"hpv16,hpv31;hpv16",,,,,,,,,,,,,,,,,,
"hpv16,hpv31;hpv16",,,,,,,,,,,,,,,,,,
hpv16;hpv16,,,,,,,,,,,,,,,,,,
hpv16;hpv16,,,,,,,,,,,,,,,,,,
hpv16;hpv16,,,,,,,,,,,,,,,,,,
hpv16;hpv16,,,,,,,,,,,,,,,,,,
hpv16;hpv16,,,,,,,,,,,,,,,,,,
hpv16;hpv16,,,,,,,,,,,,,,,,,,
"hpv16;hpv16,hpv18,hpv31,hpv52",,,,,,,,,,,,,,,,,,
"hpv16;hpv16,hpv58",,,,,,,,,,,,,,,,,,
"hpv16;hpv16,hpv58",,,,,,,,,,,,,,,,,,
hpv16;hpv16,,,,,,,,,,,,,,,,,,
"hpv16;hpv16,hpv58",,,,,,,,,,,,,,,,,,
hpv16;hpv16,,,,,,,,,,,,,,,,,,
"hpv58;hpv16,hpv31",,,,,,,,,,,,,,,,,,
"hpv16,hpv31;hpv16",,,,,,,,,,,,,,,,,,
hpv16;hpv16,,,,,,,,,,,,,,,,,,
"hpv16;hpv16,hpv58",,,,,,,,,,,,,,,,,,
hpv16;hpv16,,,,,,,,,,,,,,,,,,
"hpv16,hpv18,hpv31;hpv16",,,,,,,,,,,,,,,,,,
hpv16;hpv16,,,,,,,,,,,,,,,,,,
hpv16;hpv16,,,,,,,,,,,,,,,,,,
"hpv16;hpv16,hpv18",,,,,,,,,,,,,,,,,,
hpv16;hpv58,,,,,,,,,,,,,,,,,,
hpv16,,,,,,,,,,,,,,,,,,
hpv16,,,,,,,,,,,,,,,,,,
hpv16,,,,,,,,,,,,,,,,,,
"hpv16,hpv18,hpv31",,,,,,,,,,,,,,,,,,
hpv16,,,,,,,,,,,,,,,,,,
"hpv16,hpv58",,,,,,,,,,,,,,,,,,
hpv16,,,,,,,,,,,,,,,,,,
hpv16,,,,,,,,,,,,,,,,,,
"hpv16,hpv33",,,,,,,,,,,,,,,,,,
hpv16,,,,,,,,,,,,,,,,,,
hpv16,,,,,,,,,,,,,,,,,,
hpv16,,,,,,,,,,,,,,,,,,
hpv16,,,,,,,,,,,,,,,,,,
hpv16,,,,,,,,,,,,,,,,,,
"hpv16,hpv31",,,,,,,,,,,,,,,,,,
hpv16,,,,,,,,,,,,,,,,,,
"hpv16,hpv58",,,,,,,,,,,,,,,,,,
hpv16,,,,,,,,,,,,,,,,,,
hpv16,,,,,,,,,,,,,,,,,,
"hpv16,hpv18,hpv31,hpv52",,,,,,,,,,,,,,,,,,
hpv16,,,,,,,,,,,,,,,,,,
hpv16,,,,,,,,,,,,,,,,,,
hpv16,,,,,,,,,,,,,,,,,,
hpv16,,,,,,,,,,,,,,,,,,
"hpv16,hpv18",,,,,,,,,,,,,,,,,,
"hpv16,hpv31",,,,,,,,,,,,,,,,,,
hpv16,,,,,,,,,,,,,,,,,,
hpv16,,,,,,,,,,,,,,,,,,
hpv16,,,,,,,,,,,,,,,,,,
"hpv16,hpv18",,,,,,,,,,,,,,,,,,
hpv16,,,,,,,,,,,,,,,,,,
"hpv16,hpv58",,,,,,,,,,,,,,,,,,
"hpv16,hpv58",,,,,,,,,,,,,,,,,,
hpv16,,,,,,,,,,,,,,,,,,
"hpv16,hpv18",,,,,,,,,,,,,,,,,,
hpv16,,,,,,,,,,,,,,,,,,
hpv16,,,,,,,,,,,,,,,,,,
hpv16,,,,,,,,,,,,,,,,,,
hpv16,,,,,,,,,,,,,,,,,,
hpv16,,,,,,,,,,,,,,,,,,
hpv58,,,,,,,,,,,,,,,,,,
hpv16,,,,,,,,,,,,,,,,,,
hpv16,,,,,,,,,,,,,,,,,,
"hpv16,hpv31",,,,,,,,,,,,,,,,,,
"hpv11,hpv16,hpv18,hpv58,hpv59",,,,,,,,,,,,,,,,,,
hpv16,,,,,,,,,,,,,,,,,,
"hpv16,hpv31",,,,,,,,,,,,,,,,,,
"hpv16,hpv58",,,,,,,,,,,,,,,,,,
hpv58,,,,,,,,,,,,,,,,,,
hpv16,,,,,,,,,,,,,,,,,,
"hpv16,hpv58",,,,,,,,,,,,,,,,,,
hpv16,,,,,,,,,,,,,,,,,,
hpv58,,,,,,,,,,,,,,,,,,
hpv16,,,,,,,,,,,,,,,,,,
hpv16,,,,,,,,,,,,,,,,,,
"hpv16,hpv58",,,,,,,,,,,,,,,,,,
hpv16,,,,,,,,,,,,,,,,,,
hpv16,,,,,,,,,,,,,,,,,,
"hpv16,hpv31",,,,,,,,,,,,,,,,,,
hpv16,,,,,,,,,,,,,,,,,,
hpv16,,,,,,,,,,,,,,,,,,
hpv16,,,,,,,,,,,,,,,,,,
hpv16,,,,,,,,,,,,,,,,,,
hpv16,,,,,,,,,,,,,,,,,,
hpv16,,,,,,,,,,,,,,,,,,
hpv16,,,,,,,,,,,,,,,,,,
hpv16,,,,,,,,,,,,,,,,,,
"hpv16,hpv18",,,,,,,,,,,,,,,,,,
hpv16,,,,,,,,,,,,,,,,,,
"hpv16,hpv31",,,,,,,,,,,,,,,,,,
"hpv16,hpv31",,,,,,,,,,,,,,,,,,
hpv16,,,,,,,,,,,,,,,,,,
"hpv16,hpv18",,,,,,,,,,,,,,,,,,
hpv16,,,,,,,,,,,,,,,,,,
"hpv16,hpv58",,,,,,,,,,,,,,,,,,
hpv16,,,,,,,,,,,,,,,,,,
hpv16,,,,,,,,,,,,,,,,,,
hpv16,,,,,,,,,,,,,,,,,,
hpv16,,,,,,,,,,,,,,,,,,
hpv16,,,,,,,,,,,,,,,,,,
"hpv16,hpv58",,,,,,,,,,,,,,,,,,
"hpv16,hpv58",,,,,,,,,,,,,,,,,,
"hpv16,hpv18",,,,,,,,,,,,,,,,,,
hpv16,,,,,,,,,,,,,,,,,,
hpv16,,,,,,,,,,,,,,,,,,
"hpv16,hpv58",,,,,,,,,,,,,,,,,,
hpv16,,,,,,,,,,,,,,,,,,
hpv16,,,,,,,,,,,,,,,,,,
hpv16,,,,,,,,,,,,,,,,,,
hpv16,,,,,,,,,,,,,,,,,,
hpv16,,,,,,,,,,,,,,,,,,
hpv16,,,,,,,,,,,,,,,,,,
hpv16,,,,,,,,,,,,,,,,,,
"hpv16,hpv58",,,,,,,,,,,,,,,,,,
"hpv16,hpv33,hpv58",,,,,,,,,,,,,,,,,,
"hpv16,hpv58",,,,,,,,,,,,,,,,,,
hpv16,,,,,,,,,,,,,,,,,,
hpv16,,,,,,,,,,,,,,,,,,
hpv16,,,,,,,,,,,,,,,,,,
hpv16,,,,,,,,,,,,,,,,,,
hpv16,,,,,,,,,,,,,,,,,,
"hpv16,hpv18,hpv31",,,,,,,,,,,,,,,,,,
hpv16,,,,,,,,,,,,,,,,,,
hpv16,,,,,,,,,,,,,,,,,,
"hpv16,hpv33,hpv58",,,,,,,,,,,,,,,,,,
hpv16,,,,,,,,,,,,,,,,,,
hpv18,,,,,,,,,,,,,,,,,,
"hpv16,hpv58",,,,,,,,,,,,,,,,,,
hpv16,,,,,,,,,,,,,,,,,,
hpv16,,,,,,,,,,,,,,,,,,
hpv16,,,,,,,,,,,,,,,,,,
hpv16,,,,,,,,,,,,,,,,,,
"hpv16,hpv59",,,,,,,,,,,,,,,,,,
hpv16,,,,,,,,,,,,,,,,,,
hpv16,,,,,,,,,,,,,,,,,,
hpv16,,,,,,,,,,,,,,,,,,
hpv16,,,,,,,,,,,,,,,,,,
hpv16,,,,,,,,,,,,,,,,,,
hpv16,,,,,,,,,,,,,,,,,,
hpv16,,,,,,,,,,,,,,,,,,
hpv16,,,,,,,,,,,,,,,,,,
"hpv16,hpv58",,,,,,,,,,,,,,,,,,
"hpv16,hpv58",,,,,,,,,,,,,,,,,,
hpv16,,,,,,,,,,,,,,,,,,
hpv16,,,,,,,,,,,,,,,,,,
"hpv16,hpv31",,,,,,,,,,,,,,,,,,
"hpv16,hpv58",,,,,,,,,,,,,,,,,,
hpv16,,,,,,,,,,,,,,,,,,
hpv16,,,,,,,,,,,,,,,,,,
hpv16,,,,,,,,,,,,,,,,,,
"hpv16,hpv33",,,,,,,,,,,,,,,,,,
hpv16,,,,,,,,,,,,,,,,,,
hpv16,,,,,,,,,,,,,,,,,,
hpv16,,,,,,,,,,,,,,,,,,
hpv16,,,,,,,,,,,,,,,,,,
hpv16,,,,,,,,,,,,,,,,,,
hpv16,,,,,,,,,,,,,,,,,,
hpv16,,,,,,,,,,,,,,,,,,
"hpv16,hpv58",,,,,,,,,,,,,,,,,,
hpv16,,,,,,,,,,,,,,,,,,
"hpv16,hpv58",,,,,,,,,,,,,,,,,,
hpv16,,,,,,,,,,,,,,,,,,
hpv16,,,,,,,,,,,,,,,,,,
"hpv16,hpv31",,,,,,,,,,,,,,,,,,
"hpv16,hpv33",,,,,,,,,,,,,,,,,,
"hpv16,hpv58",,,,,,,,,,,,,,,,,,
hpv16,,,,,,,,,,,,,,,,,,
hpv16,,,,,,,,,,,,,,,,,,
hpv16,,,,,,,,,,,,,,,,,,
hpv16,,,,,,,,,,,,,,,,,,
hpv16,,,,,,,,,,,,,,,,,,
hpv16,,,,,,,,,,,,,,,,,,
hpv16,,,,,,,,,,,,,,,,,,
hpv16,,,,,,,,,,,,,,,,,,
hpv16,,,,,,,,,,,,,,,,,,
hpv16,,,,,,,,,,,,,,,,,,
"hpv16,hpv33,hpv58",,,,,,,,,,,,,,,,,,
"hpv16,hpv58",,,,,,,,,,,,,,,,,,
"hpv16,hpv59",,,,,,,,,,,,,,,,,,
"hpv16,hpv31",,,,,,,,,,,,,,,,,,
hpv16,,,,,,,,,,,,,,,,,,
hpv16,,,,,,,,,,,,,,,,,,
hpv16,,,,,,,,,,,,,,,,,,
"hpv16,hpv58",,,,,,,,,,,,,,,,,,
hpv16,,,,,,,,,,,,,,,,,,
hpv16,,,,,,,,,,,,,,,,,,
hpv16,,,,,,,,,,,,,,,,,,
"hpv16,hpv58,hpv59",,,,,,,,,,,,,,,,,,
"hpv16,hpv31",,,,,,,,,,,,,,,,,,
hpv16,,,,,,,,,,,,,,,,,,
"hpv16,hpv18",,,,,,,,,,,,,,,,,,
"hpv16,hpv31",,,,,,,,,,,,,,,,,,
"hpv16,hpv58",,,,,,,,,,,,,,,,,,
"hpv16,hpv58",,,,,,,,,,,,,,,,,,
hpv16,,,,,,,,,,,,,,,,,,
hpv16,,,,,,,,,,,,,,,,,,
"hpv16,hpv58",,,,,,,,,,,,,,,,,,
hpv16,,,,,,,,,,,,,,,,,,
"hpv16,hpv58",,,,,,,,,,,,,,,,,,
hpv16,,,,,,,,,,,,,,,,,,
hpv16,,,,,,,,,,,,,,,,,,
hpv16,,,,,,,,,,,,,,,,,,
hpv16,,,,,,,,,,,,,,,,,,
hpv16,,,,,,,,,,,,,,,,,,
"hpv16,hpv58",,,,,,,,,,,,,,,,,,
hpv16,,,,,,,,,,,,,,,,,,
hpv16,,,,,,,,,,,,,,,,,,
"hpv16,hpv31",,,,,,,,,,,,,,,,,,
"hpv16,hpv58",,,,,,,,,,,,,,,,,,
hpv16,,,,,,,,,,,,,,,,,,
hpv16,,,,,,,,,,,,,,,,,,
hpv16,,,,,,,,,,,,,,,,,,
hpv16,,,,,,,,,,,,,,,,,,
hpv16,,,,,,,,,,,,,,,,,,
hpv16,,,,,,,,,,,,,,,,,,
"hpv16,hpv58",,,,,,,,,,,,,,,,,,
hpv16,,,,,,,,,,,,,,,,,,
hpv16,,,,,,,,,,,,,,,,,,
hpv16,,,,,,,,,,,,,,,,,,
hpv16,,,,,,,,,,,,,,,,,,
"hpv16,hpv58",,,,,,,,,,,,,,,,,,
hpv16,,,,,,,,,,,,,,,,,,
hpv16,,,,,,,,,,,,,,,,,,
hpv16,,,,,,,,,,,,,,,,,,
"hpv16,hpv18",,,,,,,,,,,,,,,,,,
hpv16,,,,,,,,,,,,,,,,,,
hpv16,,,,,,,,,,,,,,,,,,
hpv16,,,,,,,,,,,,,,,,,,
hpv18,,,,,,,,,,,,,,,,,,
"hpv16,hpv31",,,,,,,,,,,,,,,,,,
hpv16,,,,,,,,,,,,,,,,,,
hpv16,,,,,,,,,,,,,,,,,,
hpv16,,,,,,,,,,,,,,,,,,
hpv16,,,,,,,,,,,,,,,,,,
hpv16,,,,,,,,,,,,,,,,,,
hpv16,,,,,,,,,,,,,,,,,,
hpv16,,,,,,,,,,,,,,,,,,
"hpv16,hpv31",,,,,,,,,,,,,,,,,,
hpv16,,,,,,,,,,,,,,,,,,
hpv16,,,,,,,,,,,,,,,,,,
hpv16,,,,,,,,,,,,,,,,,,
"hpv16,hpv58",,,,,,,,,,,,,,,,,,
hpv16,,,,,,,,,,,,,,,,,,
hpv16,,,,,,,,,,,,,,,,,,
hpv16,,,,,,,,,,,,,,,,,,
"hpv16,hpv58",,,,,,,,,,,,,,,,,,
hpv16,,,,,,,,,,,,,,,,,,
hpv16,,,,,,,,,,,,,,,,,,
hpv16,,,,,,,,,,,,,,,,,,
hpv16,,,,,,,,,,,,,,,,,,
hpv16,,,,,,,,,,,,,,,,,,
hpv16,,,,,,,,,,,,,,,,,,
hpv16,,,,,,,,,,,,,,,,,,
hpv16,,,,,,,,,,,,,,,,,,
hpv16,,,,,,,,,,,,,,,,,,
hpv16,,,,,,,,,,,,,,,,,,
hpv16,,,,,,,,,,,,,,,,,,
hpv16,,,,,,,,,,,,,,,,,,
hpv16,,,,,,,,,,,,,,,,,,
hpv16,,,,,,,,,,,,,,,,,,
hpv16,,,,,,,,,,,,,,,,,,
"hpv16,hpv31",,,,,,,,,,,,,,,,,,
"hpv16,hpv18",,,,,,,,,,,,,,,,,,
"hpv16,hpv58",,,,,,,,,,,,,,,,,,
"hpv16,hpv58",,,,,,,,,,,,,,,,,,
hpv16,,,,,,,,,,,,,,,,,,
hpv16,,,,,,,,,,,,,,,,,,
hpv16,,,,,,,,,,,,,,,,,,
"hpv16,hpv18",,,,,,,,,,,,,,,,,,
"hpv16,hpv18",,,,,,,,,,,,,,,,,,
hpv16,,,,,,,,,,,,,,,,,,
"hpv16,hpv31",,,,,,,,,,,,,,,,,,
hpv16,,,,,,,,,,,,,,,,,,
hpv16,,,,,,,,,,,,,,,,,,
hpv16,,,,,,,,,,,,,,,,,,
hpv16,,,,,,,,,,,,,,,,,,
"hpv16,hpv31",,,,,,,,,,,,,,,,,,
hpv16,,,,,,,,,,,,,,,,,,
hpv16,,,,,,,,,,,,,,,,,,
hpv16,,,,,,,,,,,,,,,,,,
hpv16,,,,,,,,,,,,,,,,,,
hpv16,,,,,,,,,,,,,,,,,,
hpv16,,,,,,,,,,,,,,,,,,
hpv16,,,,,,,,,,,,,,,,,,
hpv16,,,,,,,,,,,,,,,,,,
hpv16,,,,,,,,,,,,,,,,,,
"hpv16,hpv31",,,,,,,,,,,,,,,,,,
hpv16,,,,,,,,,,,,,,,,,,
"hpv16,hpv58",,,,,,,,,,,,,,,,,,
hpv16,,,,,,,,,,,,,,,,,,
hpv16,,,,,,,,,,,,,,,,,,
"hpv16,hpv18",,,,,,,,,,,,,,,,,,
hpv16,,,,,,,,,,,,,,,,,,
hpv16,,,,,,,,,,,,,,,,,,
hpv16,,,,,,,,,,,,,,,,,,
"hpv16,hpv31",,,,,,,,,,,,,,,,,,
hpv16,,,,,,,,,,,,,,,,,,
hpv16,,,,,,,,,,,,,,,,,,
"hpv16,hpv31",,,,,,,,,,,,,,,,,,
hpv16,,,,,,,,,,,,,,,,,,
"hpv16,hpv18,hpv31",,,,,,,,,,,,,,,,,,
"hpv16,hpv59",,,,,,,,,,,,,,,,,,
hpv16,,,,,,,,,,,,,,,,,,
"hpv16,hpv58",,,,,,,,,,,,,,,,,,
hpv16,,,,,,,,,,,,,,,,,,
"hpv16,hpv58",,,,,,,,,,,,,,,,,,
hpv16,,,,,,,,,,,,,,,,,,
"hpv16,hpv31",,,,,,,,,,,,,,,,,,
"hpv16,hpv18",,,,,,,,,,,,,,,,,,
hpv16,,,,,,,,,,,,,,,,,,
hpv16,,,,,,,,,,,,,,,,,,
hpv16,,,,,,,,,,,,,,,,,,
hpv16,,,,,,,,,,,,,,,,,,
"hpv16,hpv59",,,,,,,,,,,,,,,,,,
hpv16,,,,,,,,,,,,,,,,,,
hpv16,,,,,,,,,,,,,,,,,,
hpv16,,,,,,,,,,,,,,,,,,
"hpv16,hpv58",,,,,,,,,,,,,,,,,,
hpv16,,,,,,,,,,,,,,,,,,
"hpv16,hpv18",,,,,,,,,,,,,,,,,,
"hpv16,hpv33",,,,,,,,,,,,,,,,,,
"hpv16,hpv58",,,,,,,,,,,,,,,,,,
"hpv16,hpv33",,,,,,,,,,,,,,,,,,
hpv16,,,,,,,,,,,,,,,,,,
hpv58,,,,,,,,,,,,,,,,,,
hpv18,,,,,,,,,,,,,,,,,,
hpv16,,,,,,,,,,,,,,,,,,
hpv16,,,,,,,,,,,,,,,,,,
"hpv16,hpv18,hpv45",,,,,,,,,,,,,,,,,,
hpv16,,,,,,,,,,,,,,,,,,
hpv16,,,,,,,,,,,,,,,,,,
"hpv16,hpv58",,,,,,,,,,,,,,,,,,
"hpv16,hpv18,hpv31,hpv52",,,,,,,,,,,,,,,,,,
hpv16,,,,,,,,,,,,,,,,,,
hpv16,,,,,,,,,,,,,,,,,,
"hpv16,hpv58",,,,,,,,,,,,,,,,,,
hpv16,,,,,,,,,,,,,,,,,,
hpv16,,,,,,,,,,,,,,,,,,
"hpv16,hpv31",,,,,,,,,,,,,,,,,,
hpv16,,,,,,,,,,,,,,,,,,
hpv16,,,,,,,,,,,,,,,,,,
hpv16,,,,,,,,,,,,,,,,,,
hpv16,,,,,,,,,,,,,,,,,,
hpv16,,,,,,,,,,,,,,,,,,
hpv16,,,,,,,,,,,,,,,,,,
"hpv16,hpv58",,,,,,,,,,,,,,,,,,
hpv16,,,,,,,,,,,,,,,,,,
"hpv16,hpv58",,,,,,,,,,,,,,,,,,
"hpv16,hpv58",,,,,,,,,,,,,,,,,,
"hpv16,hpv58",,,,,,,,,,,,,,,,,,
hpv16,,,,,,,,,,,,,,,,,,
hpv16,,,,,,,,,,,,,,,,,,
"hpv16,hpv18,hpv31,hpv52",,,,,,,,,,,,,,,,,,
hpv16,,,,,,,,,,,,,,,,,,
hpv16,,,,,,,,,,,,,,,,,,
"hpv16,hpv31",,,,,,,,,,,,,,,,,,
"hpv16,hpv58,hpv59",,,,,,,,,,,,,,,,,,
hpv16,,,,,,,,,,,,,,,,,,
"hpv11,hpv16,hpv33",,,,,,,,,,,,,,,,,,
hpv16,,,,,,,,,,,,,,,,,,
"hpv16,hpv31",,,,,,,,,,,,,,,,,,
hpv16,,,,,,,,,,,,,,,,,,
"hpv16,hpv31",,,,,,,,,,,,,,,,,,
hpv16,,,,,,,,,,,,,,,,,,
hpv16,,,,,,,,,,,,,,,,,,
hpv16,,,,,,,,,,,,,,,,,,
hpv16,,,,,,,,,,,,,,,,,,
hpv16,,,,,,,,,,,,,,,,,,
hpv16,,,,,,,,,,,,,,,,,,
hpv16,,,,,,,,,,,,,,,,,,
hpv16,,,,,,,,,,,,,,,,,,
"hpv16,hpv31",,,,,,,,,,,,,,,,,,
hpv16,,,,,,,,,,,,,,,,,,
hpv16,,,,,,,,,,,,,,,,,,
"hpv16,hpv18",,,,,,,,,,,,,,,,,,
"hpv16,hpv18",,,,,,,,,,,,,,,,,,
"hpv16,hpv58",,,,,,,,,,,,,,,,,,
hpv16,,,,,,,,,,,,,,,,,,
hpv16,,,,,,,,,,,,,,,,,,
hpv16,,,,,,,,,,,,,,,,,,
hpv16,,,,,,,,,,,,,,,,,,
hpv16,,,,,,,,,,,,,,,,,,
hpv16,,,,,,,,,,,,,,,,,,
hpv16,,,,,,,,,,,,,,,,,,
hpv16,,,,,,,,,,,,,,,,,,
"hpv16,hpv59",,,,,,,,,,,,,,,,,,
"hpv16,hpv33,hpv58",,,,,,,,,,,,,,,,,,
hpv16,,,,,,,,,,,,,,,,,,
hpv16,,,,,,,,,,,,,,,,,,
hpv16,,,,,,,,,,,,,,,,,,
hpv16,,,,,,,,,,,,,,,,,,
hpv16,,,,,,,,,,,,,,,,,,
"hpv16,hpv58",,,,,,,,,,,,,,,,,,
hpv16,,,,,,,,,,,,,,,,,,
"hpv16,hpv58",,,,,,,,,,,,,,,,,,
"hpv16,hpv58",,,,,,,,,,,,,,,,,,
"hpv16,hpv58",,,,,,,,,,,,,,,,,,
hpv16,,,,,,,,,,,,,,,,,,
hpv16,,,,,,,,,,,,,,,,,,
"hpv16,hpv58",,,,,,,,,,,,,,,,,,
hpv16,,,,,,,,,,,,,,,,,,
"hpv16,hpv18,hpv31",,,,,,,,,,,,,,,,,,
"hpv16,hpv58",,,,,,,,,,,,,,,,,,
hpv16,,,,,,,,,,,,,,,,,,
hpv16,,,,,,,,,,,,,,,,,,
hpv16,,,,,,,,,,,,,,,,,,
"hpv11,hpv16,hpv18,hpv58,hpv59",,,,,,,,,,,,,,,,,,
hpv16,,,,,,,,,,,,,,,,,,
hpv16,,,,,,,,,,,,,,,,,,
"hpv16,hpv58",,,,,,,,,,,,,,,,,,
hpv16,,,,,,,,,,,,,,,,,,
hpv16,,,,,,,,,,,,,,,,,,
"hpv16,hpv59",,,,,,,,,,,,,,,,,,
hpv16,,,,,,,,,,,,,,,,,,
"hpv16,hpv58",,,,,,,,,,,,,,,,,,
"hpv16,hpv31",,,,,,,,,,,,,,,,,,
"hpv16,hpv58",,,,,,,,,,,,,,,,,,
hpv16,,,,,,,,,,,,,,,,,,
hpv16,,,,,,,,,,,,,,,,,,
hpv16,,,,,,,,,,,,,,,,,,
"hpv16,hpv31",,,,,,,,,,,,,,,,,,
hpv16,,,,,,,,,,,,,,,,,,
hpv16,,,,,,,,,,,,,,,,,,
"hpv16,hpv58",,,,,,,,,,,,,,,,,,
"hpv16,hpv18,hpv31",,,,,,,,,,,,,,,,,,
hpv16,,,,,,,,,,,,,,,,,,
"hpv16,hpv31",,,,,,,,,,,,,,,,,,
"hpv16,hpv59",,,,,,,,,,,,,,,,,,
hpv16,,,,,,,,,,,,,,,,,,
hpv16,,,,,,,,,,,,,,,,,,
hpv16,,,,,,,,,,,,,,,,,,
hpv16,,,,,,,,,,,,,,,,,,
hpv16,,,,,,,,,,,,,,,,,,
hpv16,,,,,,,,,,,,,,,,,,
hpv16,,,,,,,,,,,,,,,,,,
"hpv16,hpv58",,,,,,,,,,,,,,,,,,
hpv16,,,,,,,,,,,,,,,,,,
"hpv16,hpv31",,,,,,,,,,,,,,,,,,
hpv16,,,,,,,,,,,,,,,,,,
"hpv16,hpv18,hpv31,hpv52",,,,,,,,,,,,,,,,,,
hpv16,,,,,,,,,,,,,,,,,,
hpv16,,,,,,,,,,,,,,,,,,
"hpv16,hpv58,hpv59",,,,,,,,,,,,,,,,,,
hpv16,,,,,,,,,,,,,,,,,,
hpv16,,,,,,,,,,,,,,,,,,
"hpv16,hpv58",,,,,,,,,,,,,,,,,,
"hpv16,hpv31",,,,,,,,,,,,,,,,,,
hpv16,,,,,,,,,,,,,,,,,,
hpv16,,,,,,,,,,,,,,,,,,
hpv58,,,,,,,,,,,,,,,,,,
hpv16,,,,,,,,,,,,,,,,,,
"hpv16,hpv58,hpv59",,,,,,,,,,,,,,,,,,
"hpv16,hpv58",,,,,,,,,,,,,,,,,,
hpv16,,,,,,,,,,,,,,,,,,
hpv16,,,,,,,,,,,,,,,,,,
hpv16,,,,,,,,,,,,,,,,,,
"hpv16,hpv31",,,,,,,,,,,,,,,,,,
hpv16,,,,,,,,,,,,,,,,,,
hpv16,,,,,,,,,,,,,,,,,,
hpv16,,,,,,,,,,,,,,,,,,
"hpv16,hpv58",,,,,,,,,,,,,,,,,,
"hpv16,hpv31",,,,,,,,,,,,,,,,,,
hpv16,,,,,,,,,,,,,,,,,,
"hpv16,hpv18",,,,,,,,,,,,,,,,,,
hpv16,,,,,,,,,,,,,,,,,,
hpv16,,,,,,,,,,,,,,,,,,
hpv16,,,,,,,,,,,,,,,,,,
"hpv16,hpv58",,,,,,,,,,,,,,,,,,
hpv16,,,,,,,,,,,,,,,,,,
hpv16,,,,,,,,,,,,,,,,,,
"hpv16,hpv58",,,,,,,,,,,,,,,,,,
"hpv16,hpv18",,,,,,,,,,,,,,,,,,
hpv16,,,,,,,,,,,,,,,,,,
hpv16,,,,,,,,,,,,,,,,,,
hpv58,,,,,,,,,,,,,,,,,,
hpv16,,,,,,,,,,,,,,,,,,
"hpv16,hpv58",,,,,,,,,,,,,,,,,,
"hpv16,hpv33",,,,,,,,,,,,,,,,,,
hpv16,,,,,,,,,,,,,,,,,,
hpv16,,,,,,,,,,,,,,,,,,
hpv16,,,,,,,,,,,,,,,,,,
hpv16,,,,,,,,,,,,,,,,,,
hpv16,,,,,,,,,,,,,,,,,,
"hpv16,hpv18",,,,,,,,,,,,,,,,,,
"hpv16,hpv58",,,,,,,,,,,,,,,,,,
hpv16,,,,,,,,,,,,,,,,,,
hpv16,,,,,,,,,,,,,,,,,,
hpv16,,,,,,,,,,,,,,,,,,
"hpv16,hpv58",,,,,,,,,,,,,,,,,,
"hpv16,hpv31",,,,,,,,,,,,,,,,,,
"hpv16,hpv31",,,,,,,,,,,,,,,,,,
"hpv16,hpv58",,,,,,,,,,,,,,,,,,
hpv16,,,,,,,,,,,,,,,,,,
hpv16,,,,,,,,,,,,,,,,,,
hpv58,,,,,,,,,,,,,,,,,,
hpv16,,,,,,,,,,,,,,,,,,
"hpv16,hpv31",,,,,,,,,,,,,,,,,,
hpv16,,,,,,,,,,,,,,,,,,
hpv16,,,,,,,,,,,,,,,,,,
hpv16,,,,,,,,,,,,,,,,,,
hpv16,,,,,,,,,,,,,,,,,,
hpv16,,,,,,,,,,,,,,,,,,
hpv16,,,,,,,,,,,,,,,,,,
"hpv16,hpv31",,,,,,,,,,,,,,,,,,
hpv16,,,,,,,,,,,,,,,,,,
hpv16,,,,,,,,,,,,,,,,,,
hpv16,,,,,,,,,,,,,,,,,,
hpv16,,,,,,,,,,,,,,,,,,
"hpv11,hpv16,hpv33",,,,,,,,,,,,,,,,,,
"hpv16,hpv31",,,,,,,,,,,,,,,,,,
hpv16,,,,,,,,,,,,,,,,,,
hpv16,,,,,,,,,,,,,,,,,,
"hpv16,hpv18",,,,,,,,,,,,,,,,,,
hpv16,,,,,,,,,,,,,,,,,,
hpv16,,,,,,,,,,,,,,,,,,
"hpv16,hpv58",,,,,,,,,,,,,,,,,,
hpv16,,,,,,,,,,,,,,,,,,
hpv16,,,,,,,,,,,,,,,,,,
hpv16,,,,,,,,,,,,,,,,,,
hpv16,,,,,,,,,,,,,,,,,,
hpv16,,,,,,,,,,,,,,,,,,
hpv16,,,,,,,,,,,,,,,,,,
hpv16,,,,,,,,,,,,,,,,,,
hpv16,,,,,,,,,,,,,,,,,,
hpv16,,,,,,,,,,,,,,,,,,
hpv16,,,,,,,,,,,,,,,,,,
"hpv16,hpv18,hpv31",,,,,,,,,,,,,,,,,,
hpv16,,,,,,,,,,,,,,,,,,
hpv16,,,,,,,,,,,,,,,,,,
hpv16,,,,,,,,,,,,,,,,,,
"hpv16,hpv31",,,,,,,,,,,,,,,,,,
hpv16,,,,,,,,,,,,,,,,,,
hpv16,,,,,,,,,,,,,,,,,,
hpv16,,,,,,,,,,,,,,,,,,
hpv16,,,,,,,,,,,,,,,,,,
"hpv16,hpv58",,,,,,,,,,,,,,,,,,
hpv16,,,,,,,,,,,,,,,,,,
hpv16,,,,,,,,,,,,,,,,,,
"hpv16,hpv58",,,,,,,,,,,,,,,,,,
hpv16,,,,,,,,,,,,,,,,,,
hpv16,,,,,,,,,,,,,,,,,,
hpv16,,,,,,,,,,,,,,,,,,
hpv16,,,,,,,,,,,,,,,,,,
hpv16,,,,,,,,,,,,,,,,,,
hpv16,,,,,,,,,,,,,,,,,,
hpv16,,,,,,,,,,,,,,,,,,
hpv16,,,,,,,,,,,,,,,,,,
hpv16,,,,,,,,,,,,,,,,,,
hpv16,,,,,,,,,,,,,,,,,,
hpv16,,,,,,,,,,,,,,,,,,
"hpv16,hpv31",,,,,,,,,,,,,,,,,,
"hpv16,hpv58",,,,,,,,,,,,,,,,,,
hpv16,,,,,,,,,,,,,,,,,,
hpv16,,,,,,,,,,,,,,,,,,
hpv16,,,,,,,,,,,,,,,,,,
"hpv11,hpv16,hpv33",,,,,,,,,,,,,,,,,,
hpv16,,,,,,,,,,,,,,,,,,
hpv16,,,,,,,,,,,,,,,,,,
hpv16,,,,,,,,,,,,,,,,,,
hpv16,,,,,,,,,,,,,,,,,,
"hpv16,hpv18",,,,,,,,,,,,,,,,,,
hpv16,,,,,,,,,,,,,,,,,,
hpv16,,,,,,,,,,,,,,,,,,
hpv16,,,,,,,,,,,,,,,,,,
hpv16,,,,,,,,,,,,,,,,,,
hpv16,,,,,,,,,,,,,,,,,,
"hpv16,hpv31",,,,,,,,,,,,,,,,,,
"hpv16,hpv31",,,,,,,,,,,,,,,,,,
"hpv16,hpv31",,,,,,,,,,,,,,,,,,
hpv16,,,,,,,,,,,,,,,,,,
hpv16,,,,,,,,,,,,,,,,,,
hpv16,,,,,,,,,,,,,,,,,,
hpv16,,,,,,,,,,,,,,,,,,
hpv16,,,,,,,,,,,,,,,,,,
hpv16,,,,,,,,,,,,,,,,,,
hpv16,,,,,,,,,,,,,,,,,,
hpv16,,,,,,,,,,,,,,,,,,
"hpv16,hpv58",,,,,,,,,,,,,,,,,,
"hpv16,hpv18",,,,,,,,,,,,,,,,,,
hpv16,,,,,,,,,,,,,,,,,,
"hpv16,hpv58",,,,,,,,,,,,,,,,,,
hpv16,,,,,,,,,,,,,,,,,,
hpv16,,,,,,,,,,,,,,,,,,
hpv16,,,,,,,,,,,,,,,,,,
hpv16,,,,,,,,,,,,,,,,,,
"hpv16,hpv18",,,,,,,,,,,,,,,,,,
hpv16,,,,,,,,,,,,,,,,,,
hpv16,,,,,,,,,,,,,,,,,,
"hpv16,hpv58",,,,,,,,,,,,,,,,,,
hpv16,,,,,,,,,,,,,,,,,,
"hpv16,hpv31",,,,,,,,,,,,,,,,,,
"hpv16,hpv58",,,,,,,,,,,,,,,,,,
"hpv16,hpv33",,,,,,,,,,,,,,,,,,
"hpv16,hpv18",,,,,,,,,,,,,,,,,,
"hpv16,hpv31",,,,,,,,,,,,,,,,,,
"hpv16,hpv31",,,,,,,,,,,,,,,,,,
hpv16,,,,,,,,,,,,,,,,,,
hpv16,,,,,,,,,,,,,,,,,,
"hpv16,hpv18",,,,,,,,,,,,,,,,,,
hpv16,,,,,,,,,,,,,,,,,,
hpv16,,,,,,,,,,,,,,,,,,
"hpv16,hpv58",,,,,,,,,,,,,,,,,,
hpv16,,,,,,,,,,,,,,,,,,
"hpv16,hpv58",,,,,,,,,,,,,,,,,,
hpv16,,,,,,,,,,,,,,,,,,
hpv16,,,,,,,,,,,,,,,,,,
"hpv16,hpv31",,,,,,,,,,,,,,,,,,
hpv16,,,,,,,,,,,,,,,,,,
"hpv16,hpv33",,,,,,,,,,,,,,,,,,
hpv16,,,,,,,,,,,,,,,,,,
hpv16,,,,,,,,,,,,,,,,,,
hpv16,,,,,,,,,,,,,,,,,,
"hpv16,hpv31",,,,,,,,,,,,,,,,,,
hpv16,,,,,,,,,,,,,,,,,,
hpv16,,,,,,,,,,,,,,,,,,
"hpv11,hpv16,hpv18,hpv58,hpv59",,,,,,,,,,,,,,,,,,
hpv16,,,,,,,,,,,,,,,,,,
hpv16,,,,,,,,,,,,,,,,,,
hpv16,,,,,,,,,,,,,,,,,,
hpv16,,,,,,,,,,,,,,,,,,
hpv16,,,,,,,,,,,,,,,,,,
hpv16,,,,,,,,,,,,,,,,,,
hpv16,,,,,,,,,,,,,,,,,,
hpv16,,,,,,,,,,,,,,,,,,
hpv16,,,,,,,,,,,,,,,,,,
hpv16,,,,,,,,,,,,,,,,,,
hpv16,,,,,,,,,,,,,,,,,,
"hpv16,hpv58",,,,,,,,,,,,,,,,,,
hpv58,,,,,,,,,,,,,,,,,,
hpv16,,,,,,,,,,,,,,,,,,
hpv16,,,,,,,,,,,,,,,,,,
hpv16,,,,,,,,,,,,,,,,,,
hpv16,,,,,,,,,,,,,,,,,,
hpv16,,,,,,,,,,,,,,,,,,
hpv16,,,,,,,,,,,,,,,,,,
hpv16,,,,,,,,,,,,,,,,,,
hpv16,,,,,,,,,,,,,,,,,,
hpv16,,,,,,,,,,,,,,,,,,
hpv16,,,,,,,,,,,,,,,,,,
hpv16,,,,,,,,,,,,,,,,,,
hpv58,,,,,,,,,,,,,,,,,,
hpv16,,,,,,,,,,,,,,,,,,
"hpv16,hpv31",,,,,,,,,,,,,,,,,,
hpv16,,,,,,,,,,,,,,,,,,
hpv16,,,,,,,,,,,,,,,,,,
hpv16,,,,,,,,,,,,,,,,,,
hpv16,,,,,,,,,,,,,,,,,,
hpv16,,,,,,,,,,,,,,,,,,
"hpv16,hpv58",,,,,,,,,,,,,,,,,,
"hpv16,hpv58",,,,,,,,,,,,,,,,,,
hpv16,,,,,,,,,,,,,,,,,,
hpv16,,,,,,,,,,,,,,,,,,
hpv16,,,,,,,,,,,,,,,,,,
hpv16,,,,,,,,,,,,,,,,,,
hpv16,,,,,,,,,,,,,,,,,,
hpv16,,,,,,,,,,,,,,,,,,
"hpv16,hpv58",,,,,,,,,,,,,,,,,,
hpv16,,,,,,,,,,,,,,,,,,
"hpv16,hpv18",,,,,,,,,,,,,,,,,,
hpv16,,,,,,,,,,,,,,,,,,
"hpv16,hpv18",,,,,,,,,,,,,,,,,,
"hpv16,hpv31",,,,,,,,,,,,,,,,,,
hpv16,,,,,,,,,,,,,,,,,,
hpv16,,,,,,,,,,,,,,,,,,
"hpv16,hpv58",,,,,,,,,,,,,,,,,,
"hpv16,hpv58",,,,,,,,,,,,,,,,,,
hpv16,,,,,,,,,,,,,,,,,,
hpv16,,,,,,,,,,,,,,,,,,
"hpv16,hpv33",,,,,,,,,,,,,,,,,,
"hpv16,hpv31",,,,,,,,,,,,,,,,,,
hpv16,,,,,,,,,,,,,,,,,,
"hpv16,hpv31",,,,,,,,,,,,,,,,,,
hpv16,,,,,,,,,,,,,,,,,,
"hpv16,hpv58",,,,,,,,,,,,,,,,,,
hpv16,,,,,,,,,,,,,,,,,,
hpv18,,,,,,,,,,,,,,,,,,
hpv58,,,,,,,,,,,,,,,,,,
hpv16,,,,,,,,,,,,,,,,,,
hpv16,,,,,,,,,,,,,,,,,,
"hpv16,hpv58",,,,,,,,,,,,,,,,,,
hpv16,,,,,,,,,,,,,,,,,,
"hpv16,hpv18",,,,,,,,,,,,,,,,,,
hpv16,,,,,,,,,,,,,,,,,,
hpv16,,,,,,,,,,,,,,,,,,
"hpv16,hpv58",,,,,,,,,,,,,,,,,,
hpv16,,,,,,,,,,,,,,,,,,
"hpv16,hpv18",,,,,,,,,,,,,,,,,,
hpv16,,,,,,,,,,,,,,,,,,
hpv16,,,,,,,,,,,,,,,,,,
"hpv16,hpv31",,,,,,,,,,,,,,,,,,
hpv16,,,,,,,,,,,,,,,,,,
hpv18,,,,,,,,,,,,,,,,,,
"hpv16,hpv31",,,,,,,,,,,,,,,,,,
hpv16,,,,,,,,,,,,,,,,,,
hpv16,,,,,,,,,,,,,,,,,,
hpv16,,,,,,,,,,,,,,,,,,
hpv16,,,,,,,,,,,,,,,,,,
hpv16,,,,,,,,,,,,,,,,,,
hpv16,,,,,,,,,,,,,,,,,,
hpv16,,,,,,,,,,,,,,,,,,
"hpv16,hpv58",,,,,,,,,,,,,,,,,,
hpv16,,,,,,,,,,,,,,,,,,
"hpv16,hpv58",,,,,,,,,,,,,,,,,,
"hpv16,hpv18",,,,,,,,,,,,,,,,,,
hpv16,,,,,,,,,,,,,,,,,,
hpv16,,,,,,,,,,,,,,,,,,
"hpv16,hpv31",,,,,,,,,,,,,,,,,,
hpv16,,,,,,,,,,,,,,,,,,
hpv16,,,,,,,,,,,,,,,,,,
"hpv16,hpv18,hpv31,hpv52",,,,,,,,,,,,,,,,,,
hpv16,,,,,,,,,,,,,,,,,,
hpv16,,,,,,,,,,,,,,,,,,
hpv16,,,,,,,,,,,,,,,,,,
hpv16,,,,,,,,,,,,,,,,,,
"hpv16,hpv18",,,,,,,,,,,,,,,,,,
hpv16,,,,,,,,,,,,,,,,,,
hpv16,,,,,,,,,,,,,,,,,,
hpv58,,,,,,,,,,,,,,,,,,
hpv16,,,,,,,,,,,,,,,,,,
"hpv16,hpv18,hpv31,hpv52",,,,,,,,,,,,,,,,,,
hpv16,,,,,,,,,,,,,,,,,,
hpv16,,,,,,,,,,,,,,,,,,
"hpv16,hpv31",,,,,,,,,,,,,,,,,,
"hpv16,hpv18",,,,,,,,,,,,,,,,,,
hpv16,,,,,,,,,,,,,,,,,,
"hpv16,hpv58",,,,,,,,,,,,,,,,,,
hpv16,,,,,,,,,,,,,,,,,,
"hpv16,hpv58",,,,,,,,,,,,,,,,,,
"hpv16,hpv18",,,,,,,,,,,,,,,,,,
hpv16,,,,,,,,,,,,,,,,,,
hpv16,,,,,,,,,,,,,,,,,,
"hpv16,hpv58",,,,,,,,,,,,,,,,,,
hpv16,,,,,,,,,,,,,,,,,,
hpv16,,,,,,,,,,,,,,,,,,
hpv16,,,,,,,,,,,,,,,,,,
hpv16,,,,,,,,,,,,,,,,,,
"hpv16,hpv58",,,,,,,,,,,,,,,,,,
hpv16,,,,,,,,,,,,,,,,,,
hpv16,,,,,,,,,,,,,,,,,,
hpv16,,,,,,,,,,,,,,,,,,
"hpv16,hpv31",,,,,,,,,,,,,,,,,,
hpv16,,,,,,,,,,,,,,,,,,
hpv16,,,,,,,,,,,,,,,,,,
"hpv16,hpv58",,,,,,,,,,,,,,,,,,
hpv16,,,,,,,,,,,,,,,,,,
hpv16,,,,,,,,,,,,,,,,,,
hpv16,,,,,,,,,,,,,,,,,,
hpv16,,,,,,,,,,,,,,,,,,
hpv58,,,,,,,,,,,,,,,,,,
hpv16,,,,,,,,,,,,,,,,,,
hpv16,,,,,,,,,,,,,,,,,,
hpv16,,,,,,,,,,,,,,,,,,
hpv16,,,,,,,,,,,,,,,,,,
hpv16,,,,,,,,,,,,,,,,,,
hpv16,,,,,,,,,,,,,,,,,,
hpv16,,,,,,,,,,,,,,,,,,
hpv16,,,,,,,,,,,,,,,,,,
"hpv16,hpv18",,,,,,,,,,,,,,,,,,
"hpv16,hpv18",,,,,,,,,,,,,,,,,,
hpv16,,,,,,,,,,,,,,,,,,
hpv16,,,,,,,,,,,,,,,,,,
hpv16,,,,,,,,,,,,,,,,,,
hpv16,,,,,,,,,,,,,,,,,,
hpv16,,,,,,,,,,,,,,,,,,
hpv16,,,,,,,,,,,,,,,,,,
"hpv16,hpv31",,,,,,,,,,,,,,,,,,
hpv16,,,,,,,,,,,,,,,,,,
"hpv16,hpv58",,,,,,,,,,,,,,,,,,
"hpv16,hpv31",,,,,,,,,,,,,,,,,,
hpv16,,,,,,,,,,,,,,,,,,
hpv16,,,,,,,,,,,,,,,,,,
hpv16,,,,,,,,,,,,,,,,,,
hpv16,,,,,,,,,,,,,,,,,,
hpv16,,,,,,,,,,,,,,,,,,
hpv16,,,,,,,,,,,,,,,,,,
hpv16,,,,,,,,,,,,,,,,,,
hpv16,,,,,,,,,,,,,,,,,,
hpv16,,,,,,,,,,,,,,,,,,
hpv16,,,,,,,,,,,,,,,,,,
"hpv16,hpv31",,,,,,,,,,,,,,,,,,
"hpv16,hpv58",,,,,,,,,,,,,,,,,,
hpv16,,,,,,,,,,,,,,,,,,
"hpv16,hpv31",,,,,,,,,,,,,,,,,,
hpv16,,,,,,,,,,,,,,,,,,
hpv16,,,,,,,,,,,,,,,,,,
hpv16,,,,,,,,,,,,,,,,,,
"hpv16,hpv58",,,,,,,,,,,,,,,,,,
hpv16,,,,,,,,,,,,,,,,,,
hpv16,,,,,,,,,,,,,,,,,,
hpv16,,,,,,,,,,,,,,,,,,
hpv16,,,,,,,,,,,,,,,,,,
hpv16,,,,,,,,,,,,,,,,,,
hpv16,,,,,,,,,,,,,,,,,,
"hpv16,hpv58",,,,,,,,,,,,,,,,,,
hpv16,,,,,,,,,,,,,,,,,,
hpv16,,,,,,,,,,,,,,,,,,
"hpv16,hpv58",,,,,,,,,,,,,,,,,,
hpv16,,,,,,,,,,,,,,,,,,
hpv16,,,,,,,,,,,,,,,,,,
hpv16,,,,,,,,,,,,,,,,,,
hpv58,,,,,,,,,,,,,,,,,,
"hpv16,hpv58",,,,,,,,,,,,,,,,,,
hpv16,,,,,,,,,,,,,,,,,,
hpv16,,,,,,,,,,,,,,,,,,
hpv16,,,,,,,,,,,,,,,,,,
"hpv16,hpv18",,,,,,,,,,,,,,,,,,
hpv16,,,,,,,,,,,,,,,,,,
hpv16,,,,,,,,,,,,,,,,,,
hpv16,,,,,,,,,,,,,,,,,,
hpv16,,,,,,,,,,,,,,,,,,
hpv16,,,,,,,,,,,,,,,,,,
"hpv16,hpv18",,,,,,,,,,,,,,,,,,
hpv16,,,,,,,,,,,,,,,,,,
hpv16,,,,,,,,,,,,,,,,,,
"hpv16,hpv31",,,,,,,,,,,,,,,,,,
hpv16,,,,,,,,,,,,,,,,,,
hpv16,,,,,,,,,,,,,,,,,,
hpv16,,,,,,,,,,,,,,,,,,
"hpv16,hpv18",,,,,,,,,,,,,,,,,,
"hpv16,hpv18",,,,,,,,,,,,,,,,,,
hpv16,,,,,,,,,,,,,,,,,,
hpv16,,,,,,,,,,,,,,,,,,
"hpv16,hpv18",,,,,,,,,,,,,,,,,,
hpv16,,,,,,,,,,,,,,,,,,
hpv58,,,,,,,,,,,,,,,,,,
hpv16,,,,,,,,,,,,,,,,,,
hpv16,,,,,,,,,,,,,,,,,,
hpv16,,,,,,,,,,,,,,,,,,
hpv16,,,,,,,,,,,,,,,,,,
"hpv16,hpv18",,,,,,,,,,,,,,,,,,
hpv16,,,,,,,,,,,,,,,,,,
"hpv16,hpv18",,,,,,,,,,,,,,,,,,
"hpv16,hpv58",,,,,,,,,,,,,,,,,,
hpv16,,,,,,,,,,,,,,,,,,
hpv16,,,,,,,,,,,,,,,,,,
hpv16,,,,,,,,,,,,,,,,,,
hpv16,,,,,,,,,,,,,,,,,,
hpv16,,,,,,,,,,,,,,,,,,
hpv16,,,,,,,,,,,,,,,,,,
"hpv16,hpv58",,,,,,,,,,,,,,,,,,
"hpv16,hpv58",,,,,,,,,,,,,,,,,,
"hpv16,hpv58",,,,,,,,,,,,,,,,,,
"hpv16,hpv58",,,,,,,,,,,,,,,,,,
hpv16,,,,,,,,,,,,,,,,,,
hpv16,,,,,,,,,,,,,,,,,,
hpv16,,,,,,,,,,,,,,,,,,
"hpv16,hpv18",,,,,,,,,,,,,,,,,,
hpv16,,,,,,,,,,,,,,,,,,
hpv16,,,,,,,,,,,,,,,,,,
hpv16,,,,,,,,,,,,,,,,,,
hpv16,,,,,,,,,,,,,,,,,,
"hpv16,hpv58",,,,,,,,,,,,,,,,,,
hpv16,,,,,,,,,,,,,,,,,,
"hpv16,hpv18,hpv45",,,,,,,,,,,,,,,,,,
hpv16,,,,,,,,,,,,,,,,,,
hpv16,,,,,,,,,,,,,,,,,,
hpv16,,,,,,,,,,,,,,,,,,
hpv16,,,,,,,,,,,,,,,,,,
"hpv16,hpv31",,,,,,,,,,,,,,,,,,
hpv16,,,,,,,,,,,,,,,,,,
"hpv16,hpv31",,,,,,,,,,,,,,,,,,
"hpv16,hpv58",,,,,,,,,,,,,,,,,,
hpv16,,,,,,,,,,,,,,,,,,
hpv16,,,,,,,,,,,,,,,,,,
"hpv16,hpv58",,,,,,,,,,,,,,,,,,
hpv16,,,,,,,,,,,,,,,,,,
hpv16,,,,,,,,,,,,,,,,,,
hpv16,,,,,,,,,,,,,,,,,,
hpv16,,,,,,,,,,,,,,,,,,
hpv16,,,,,,,,,,,,,,,,,,
hpv16,,,,,,,,,,,,,,,,,,
hpv16,,,,,,,,,,,,,,,,,,
hpv16,,,,,,,,,,,,,,,,,,
hpv16,,,,,,,,,,,,,,,,,,
hpv16,,,,,,,,,,,,,,,,,,
hpv16,,,,,,,,,,,,,,,,,,
"hpv16,hpv31",,,,,,,,,,,,,,,,,,
"hpv16,hpv31",,,,,,,,,,,,,,,,,,
"hpv16,hpv31",,,,,,,,,,,,,,,,,,
"hpv16,hpv18,hpv31",,,,,,,,,,,,,,,,,,
"hpv16,hpv58",,,,,,,,,,,,,,,,,,
"hpv16,hpv31",,,,,,,,,,,,,,,,,,
"hpv16,hpv18",,,,,,,,,,,,,,,,,,
hpv16,,,,,,,,,,,,,,,,,,
hpv16,,,,,,,,,,,,,,,,,,
hpv16,,,,,,,,,,,,,,,,,,
hpv16,,,,,,,,,,,,,,,,,,
hpv16,,,,,,,,,,,,,,,,,,
hpv16,,,,,,,,,,,,,,,,,,
hpv16,,,,,,,,,,,,,,,,,,
hpv16,,,,,,,,,,,,,,,,,,
hpv16,,,,,,,,,,,,,,,,,,
"hpv16,hpv58",,,,,,,,,,,,,,,,,,
"hpv16,hpv58",,,,,,,,,,,,,,,,,,
hpv16,,,,,,,,,,,,,,,,,,
"hpv16,hpv58",,,,,,,,,,,,,,,,,,
hpv16,,,,,,,,,,,,,,,,,,
"hpv16,hpv58",,,,,,,,,,,,,,,,,,
hpv16,,,,,,,,,,,,,,,,,,
"hpv16,hpv58",,,,,,,,,,,,,,,,,,
hpv16,,,,,,,,,,,,,,,,,,
"hpv11,hpv16,hpv33",,,,,,,,,,,,,,,,,,
"hpv16,hpv31",,,,,,,,,,,,,,,,,,
"hpv16,hpv31",,,,,,,,,,,,,,,,,,
hpv16,,,,,,,,,,,,,,,,,,
hpv16,,,,,,,,,,,,,,,,,,
hpv16,,,,,,,,,,,,,,,,,,
hpv16,,,,,,,,,,,,,,,,,,
hpv16,,,,,,,,,,,,,,,,,,
hpv16,,,,,,,,,,,,,,,,,,
hpv16,,,,,,,,,,,,,,,,,,
hpv16,,,,,,,,,,,,,,,,,,
"hpv16,hpv58",,,,,,,,,,,,,,,,,,
hpv16,,,,,,,,,,,,,,,,,,
hpv16,,,,,,,,,,,,,,,,,,
hpv16,,,,,,,,,,,,,,,,,,
hpv16,,,,,,,,,,,,,,,,,,
hpv16,,,,,,,,,,,,,,,,,,
hpv16,,,,,,,,,,,,,,,,,,
"hpv16,hpv58",,,,,,,,,,,,,,,,,,
hpv16,,,,,,,,,,,,,,,,,,
hpv16,,,,,,,,,,,,,,,,,,
hpv16,,,,,,,,,,,,,,,,,,
hpv16,,,,,,,,,,,,,,,,,,
hpv16,,,,,,,,,,,,,,,,,,
hpv16,,,,,,,,,,,,,,,,,,
hpv16,,,,,,,,,,,,,,,,,,
"hpv16,hpv58,hpv59",,,,,,,,,,,,,,,,,,
"hpv16,hpv58",,,,,,,,,,,,,,,,,,
hpv16,,,,,,,,,,,,,,,,,,
"hpv16,hpv58",,,,,,,,,,,,,,,,,,
"hpv16,hpv18",,,,,,,,,,,,,,,,,,
hpv16,,,,,,,,,,,,,,,,,,
hpv16,,,,,,,,,,,,,,,,,,
hpv16,,,,,,,,,,,,,,,,,,
"hpv16,hpv58",,,,,,,,,,,,,,,,,,
hpv16,,,,,,,,,,,,,,,,,,
hpv16,,,,,,,,,,,,,,,,,,
hpv16,,,,,,,,,,,,,,,,,,
"hpv16,hpv58",,,,,,,,,,,,,,,,,,
hpv16,,,,,,,,,,,,,,,,,,
hpv16,,,,,,,,,,,,,,,,,,
"hpv16,hpv31",,,,,,,,,,,,,,,,,,
hpv16,,,,,,,,,,,,,,,,,,
"hpv16,hpv31",,,,,,,,,,,,,,,,,,
hpv16,,,,,,,,,,,,,,,,,,
hpv16,,,,,,,,,,,,,,,,,,
hpv16,,,,,,,,,,,,,,,,,,
"hpv16,hpv58",,,,,,,,,,,,,,,,,,
"hpv16,hpv58",,,,,,,,,,,,,,,,,,
"hpv16,hpv31",,,,,,,,,,,,,,,,,,
hpv16,,,,,,,,,,,,,,,,,,
hpv16,,,,,,,,,,,,,,,,,,
hpv16,,,,,,,,,,,,,,,,,,
"hpv16,hpv58",,,,,,,,,,,,,,,,,,
"hpv16,hpv58",,,,,,,,,,,,,,,,,,
"hpv16,hpv31",,,,,,,,,,,,,,,,,,
hpv16,,,,,,,,,,,,,,,,,,
"hpv16,hpv58",,,,,,,,,,,,,,,,,,
hpv16,,,,,,,,,,,,,,,,,,
"hpv16,hpv59",,,,,,,,,,,,,,,,,,
"hpv16,hpv58",,,,,,,,,,,,,,,,,,
hpv16,,,,,,,,,,,,,,,,,,
hpv16,,,,,,,,,,,,,,,,,,
"hpv16,hpv58",,,,,,,,,,,,,,,,,,
"hpv16,hpv58",,,,,,,,,,,,,,,,,,
hpv16,,,,,,,,,,,,,,,,,,
hpv16,,,,,,,,,,,,,,,,,,
hpv16,,,,,,,,,,,,,,,,,,
"hpv16,hpv58",,,,,,,,,,,,,,,,,,
hpv58,,,,,,,,,,,,,,,,,,
"hpv16,hpv18",,,,,,,,,,,,,,,,,,
"hpv16,hpv31",,,,,,,,,,,,,,,,,,
hpv16,,,,,,,,,,,,,,,,,,
"hpv16,hpv58",,,,,,,,,,,,,,,,,,
"hpv16,hpv58",,,,,,,,,,,,,,,,,,
"hpv16,hpv58",,,,,,,,,,,,,,,,,,
hpv16,,,,,,,,,,,,,,,,,,
hpv16,,,,,,,,,,,,,,,,,,
"hpv16,hpv18",,,,,,,,,,,,,,,,,,
hpv16,,,,,,,,,,,,,,,,,,
hpv16,,,,,,,,,,,,,,,,,,
hpv16,,,,,,,,,,,,,,,,,,
hpv16,,,,,,,,,,,,,,,,,,
"hpv16,hpv31",,,,,,,,,,,,,,,,,,
hpv16,,,,,,,,,,,,,,,,,,
hpv16,,,,,,,,,,,,,,,,,,
"hpv16,hpv58",,,,,,,,,,,,,,,,,,
hpv16,,,,,,,,,,,,,,,,,,
"hpv11,hpv16,hpv18,hpv58,hpv59",,,,,,,,,,,,,,,,,,
hpv16,,,,,,,,,,,,,,,,,,
hpv16,,,,,,,,,,,,,,,,,,
hpv58,,,,,,,,,,,,,,,,,,
"hpv16,hpv31",,,,,,,,,,,,,,,,,,
"hpv16,hpv31",,,,,,,,,,,,,,,,,,
hpv16,,,,,,,,,,,,,,,,,,
"hpv16,hpv58",,,,,,,,,,,,,,,,,,
hpv16,,,,,,,,,,,,,,,,,,
hpv16,,,,,,,,,,,,,,,,,,
hpv16,,,,,,,,,,,,,,,,,,
"hpv16,hpv58",,,,,,,,,,,,,,,,,,
hpv16,,,,,,,,,,,,,,,,,,
hpv16,,,,,,,,,,,,,,,,,,
hpv16,,,,,,,,,,,,,,,,,,
hpv16,,,,,,,,,,,,,,,,,,
hpv16,,,,,,,,,,,,,,,,,,
"hpv16,hpv18",,,,,,,,,,,,,,,,,,
hpv16,,,,,,,,,,,,,,,,,,
hpv16,,,,,,,,,,,,,,,,,,
hpv58,,,,,,,,,,,,,,,,,,
"hpv16,hpv58",,,,,,,,,,,,,,,,,,
"hpv16,hpv58",,,,,,,,,,,,,,,,,,
hpv16,,,,,,,,,,,,,,,,,,
"hpv16,hpv18",,,,,,,,,,,,,,,,,,
hpv16,,,,,,,,,,,,,,,,,,
"hpv16,hpv33",,,,,,,,,,,,,,,,,,
"hpv16,hpv31",,,,,,,,,,,,,,,,,,
hpv16,,,,,,,,,,,,,,,,,,
hpv16,,,,,,,,,,,,,,,,,,
"hpv16,hpv58",,,,,,,,,,,,,,,,,,
hpv16,,,,,,,,,,,,,,,,,,
"hpv16,hpv58",,,,,,,,,,,,,,,,,,
hpv16,,,,,,,,,,,,,,,,,,
hpv16,,,,,,,,,,,,,,,,,,
hpv16,,,,,,,,,,,,,,,,,,
hpv16,,,,,,,,,,,,,,,,,,
hpv16,,,,,,,,,,,,,,,,,,
hpv16,,,,,,,,,,,,,,,,,,
hpv16,,,,,,,,,,,,,,,,,,
hpv16,,,,,,,,,,,,,,,,,,
"hpv16,hpv58",,,,,,,,,,,,,,,,,,
"hpv16,hpv18",,,,,,,,,,,,,,,,,,
hpv16,,,,,,,,,,,,,,,,,,
hpv16,,,,,,,,,,,,,,,,,,
"hpv16,hpv31",,,,,,,,,,,,,,,,,,
hpv16,,,,,,,,,,,,,,,,,,
hpv16,,,,,,,,,,,,,,,,,,
"hpv16,hpv58",,,,,,,,,,,,,,,,,,
hpv16,,,,,,,,,,,,,,,,,,
hpv16,,,,,,,,,,,,,,,,,,
"hpv16,hpv58",,,,,,,,,,,,,,,,,,
hpv16,,,,,,,,,,,,,,,,,,
hpv16,,,,,,,,,,,,,,,,,,
hpv16,,,,,,,,,,,,,,,,,,
hpv16,,,,,,,,,,,,,,,,,,
hpv16,,,,,,,,,,,,,,,,,,
hpv16,,,,,,,,,,,,,,,,,,
"hpv16,hpv18",,,,,,,,,,,,,,,,,,
hpv16,,,,,,,,,,,,,,,,,,
hpv16,,,,,,,,,,,,,,,,,,
hpv16,,,,,,,,,,,,,,,,,,
hpv16,,,,,,,,,,,,,,,,,,
"hpv16,hpv18",,,,,,,,,,,,,,,,,,
hpv16,,,,,,,,,,,,,,,,,,
hpv16,,,,,,,,,,,,,,,,,,
hpv16,,,,,,,,,,,,,,,,,,
"hpv16,hpv31",,,,,,,,,,,,,,,,,,
"hpv16,hpv31",,,,,,,,,,,,,,,,,,
hpv16,,,,,,,,,,,,,,,,,,
"hpv16,hpv31",,,,,,,,,,,,,,,,,,
"hpv16,hpv59",,,,,,,,,,,,,,,,,,
hpv16,,,,,,,,,,,,,,,,,,
hpv16,,,,,,,,,,,,,,,,,,
hpv16,,,,,,,,,,,,,,,,,,
hpv16,,,,,,,,,,,,,,,,,,
"hpv16,hpv18",,,,,,,,,,,,,,,,,,
"hpv16,hpv33",,,,,,,,,,,,,,,,,,
hpv16,,,,,,,,,,,,,,,,,,
hpv16,,,,,,,,,,,,,,,,,,
hpv16,,,,,,,,,,,,,,,,,,
"hpv16,hpv31",,,,,,,,,,,,,,,,,,
"hpv16,hpv58",,,,,,,,,,,,,,,,,,
hpv16,,,,,,,,,,,,,,,,,,
"hpv16,hpv58",,,,,,,,,,,,,,,,,,
hpv16,,,,,,,,,,,,,,,,,,
"hpv16,hpv18",,,,,,,,,,,,,,,,,,
hpv16,,,,,,,,,,,,,,,,,,
hpv16,,,,,,,,,,,,,,,,,,
hpv16,,,,,,,,,,,,,,,,,,
hpv16,,,,,,,,,,,,,,,,,,
"hpv16,hpv58",,,,,,,,,,,,,,,,,,
hpv16,,,,,,,,,,,,,,,,,,
"hpv16,hpv31",,,,,,,,,,,,,,,,,,
hpv16,,,,,,,,,,,,,,,,,,
hpv16,,,,,,,,,,,,,,,,,,
hpv16,,,,,,,,,,,,,,,,,,
hpv16,,,,,,,,,,,,,,,,,,
hpv16,,,,,,,,,,,,,,,,,,
hpv16,,,,,,,,,,,,,,,,,,
"hpv16,hpv31",,,,,,,,,,,,,,,,,,
hpv16,,,,,,,,,,,,,,,,,,
hpv16,,,,,,,,,,,,,,,,,,
"hpv16,hpv31",,,,,,,,,,,,,,,,,,
"hpv16,hpv33",,,,,,,,,,,,,,,,,,
hpv16,,,,,,,,,,,,,,,,,,
"hpv16,hpv58",,,,,,,,,,,,,,,,,,
hpv16,,,,,,,,,,,,,,,,,,
hpv16,,,,,,,,,,,,,,,,,,
hpv16,,,,,,,,,,,,,,,,,,
hpv16,,,,,,,,,,,,,,,,,,
hpv16,,,,,,,,,,,,,,,,,,
hpv16,,,,,,,,,,,,,,,,,,
hpv16,,,,,,,,,,,,,,,,,,
"hpv16,hpv58,hpv59",,,,,,,,,,,,,,,,,,
"hpv16,hpv58",,,,,,,,,,,,,,,,,,
"hpv16,hpv58",,,,,,,,,,,,,,,,,,
"hpv16,hpv58",,,,,,,,,,,,,,,,,,
"hpv16,hpv31",,,,,,,,,,,,,,,,,,
hpv58,,,,,,,,,,,,,,,,,,
"hpv16,hpv58",,,,,,,,,,,,,,,,,,
hpv16,,,,,,,,,,,,,,,,,,
hpv16,,,,,,,,,,,,,,,,,,
hpv16,,,,,,,,,,,,,,,,,,
"hpv16,hpv31",,,,,,,,,,,,,,,,,,
hpv16,,,,,,,,,,,,,,,,,,
hpv16,,,,,,,,,,,,,,,,,,
hpv16,,,,,,,,,,,,,,,,,,
hpv16,,,,,,,,,,,,,,,,,,
hpv16,,,,,,,,,,,,,,,,,,
"hpv16,hpv58",,,,,,,,,,,,,,,,,,
hpv16,,,,,,,,,,,,,,,,,,
hpv16,,,,,,,,,,,,,,,,,,
hpv16,,,,,,,,,,,,,,,,,,
hpv16,,,,,,,,,,,,,,,,,,
hpv16,,,,,,,,,,,,,,,,,,
hpv16,,,,,,,,,,,,,,,,,,
hpv16,,,,,,,,,,,,,,,,,,
hpv16,,,,,,,,,,,,,,,,,,
hpv16,,,,,,,,,,,,,,,,,,
hpv16,,,,,,,,,,,,,,,,,,
hpv16,,,,,,,,,,,,,,,,,,
"hpv16,hpv31",,,,,,,,,,,,,,,,,,
hpv16,,,,,,,,,,,,,,,,,,
hpv16,,,,,,,,,,,,,,,,,,
hpv16,,,,,,,,,,,,,,,,,,
hpv16,,,,,,,,,,,,,,,,,,
hpv16,,,,,,,,,,,,,,,,,,
hpv18,,,,,,,,,,,,,,,,,,
"hpv16,hpv58",,,,,,,,,,,,,,,,,,
"hpv16,hpv33",,,,,,,,,,,,,,,,,,
hpv16,,,,,,,,,,,,,,,,,,
"hpv16,hpv58",,,,,,,,,,,,,,,,,,
hpv16,,,,,,,,,,,,,,,,,,
hpv16,,,,,,,,,,,,,,,,,,
hpv16,,,,,,,,,,,,,,,,,,
hpv16,,,,,,,,,,,,,,,,,,
"hpv16,hpv18",,,,,,,,,,,,,,,,,,
hpv16,,,,,,,,,,,,,,,,,,
hpv16,,,,,,,,,,,,,,,,,,
"hpv16,hpv31",,,,,,,,,,,,,,,,,,
hpv16,,,,,,,,,,,,,,,,,,
"hpv16,hpv31",,,,,,,,,,,,,,,,,,
"hpv16,hpv58",,,,,,,,,,,,,,,,,,
hpv16,,,,,,,,,,,,,,,,,,
hpv16,,,,,,,,,,,,,,,,,,
hpv16,,,,,,,,,,,,,,,,,,
hpv16,,,,,,,,,,,,,,,,,,
hpv16,,,,,,,,,,,,,,,,,,
hpv16,,,,,,,,,,,,,,,,,,
hpv16,,,,,,,,,,,,,,,,,,
hpv16,,,,,,,,,,,,,,,,,,
"hpv16,hpv58",,,,,,,,,,,,,,,,,,
hpv16,,,,,,,,,,,,,,,,,,
"hpv16,hpv31",,,,,,,,,,,,,,,,,,
hpv16,,,,,,,,,,,,,,,,,,
hpv16,,,,,,,,,,,,,,,,,,
hpv16,,,,,,,,,,,,,,,,,,
hpv16,,,,,,,,,,,,,,,,,,
hpv16,,,,,,,,,,,,,,,,,,
"hpv16,hpv31",,,,,,,,,,,,,,,,,,
"hpv16,hpv58",,,,,,,,,,,,,,,,,,
"hpv16,hpv31",,,,,,,,,,,,,,,,,,
"hpv16,hpv31",,,,,,,,,,,,,,,,,,
hpv16,,,,,,,,,,,,,,,,,,
hpv16,,,,,,,,,,,,,,,,,,
hpv16,,,,,,,,,,,,,,,,,,
hpv16,,,,,,,,,,,,,,,,,,
hpv16,,,,,,,,,,,,,,,,,,
"hpv16,hpv58",,,,,,,,,,,,,,,,,,
"hpv16,hpv31",,,,,,,,,,,,,,,,,,
hpv16,,,,,,,,,,,,,,,,,,
"hpv16,hpv58",,,,,,,,,,,,,,,,,,
hpv18,,,,,,,,,,,,,,,,,,
"hpv16,hpv58",,,,,,,,,,,,,,,,,,
hpv16,,,,,,,,,,,,,,,,,,
hpv16,,,,,,,,,,,,,,,,,,
hpv16,,,,,,,,,,,,,,,,,,
"hpv16,hpv58",,,,,,,,,,,,,,,,,,
"hpv16,hpv31",,,,,,,,,,,,,,,,,,
hpv16,,,,,,,,,,,,,,,,,,
hpv16,,,,,,,,,,,,,,,,,,
"hpv16,hpv58",,,,,,,,,,,,,,,,,,
"hpv16,hpv18",,,,,,,,,,,,,,,,,,
"hpv16,hpv59",,,,,,,,,,,,,,,,,,
hpv16,,,,,,,,,,,,,,,,,,
hpv16,,,,,,,,,,,,,,,,,,
"hpv16,hpv33,hpv58",,,,,,,,,,,,,,,,,,
hpv16,,,,,,,,,,,,,,,,,,
hpv16,,,,,,,,,,,,,,,,,,
hpv16,,,,,,,,,,,,,,,,,,
"hpv16,hpv58",,,,,,,,,,,,,,,,,,
hpv16,,,,,,,,,,,,,,,,,,
"hpv16,hpv58",,,,,,,,,,,,,,,,,,
"hpv16,hpv58",,,,,,,,,,,,,,,,,,
hpv16,,,,,,,,,,,,,,,,,,
hpv16,,,,,,,,,,,,,,,,,,
"hpv16,hpv58",,,,,,,,,,,,,,,,,,
hpv16,,,,,,,,,,,,,,,,,,
hpv16,,,,,,,,,,,,,,,,,,
hpv16,,,,,,,,,,,,,,,,,,
"hpv16,hpv58",,,,,,,,,,,,,,,,,,
hpv16,,,,,,,,,,,,,,,,,,
hpv16,,,,,,,,,,,,,,,,,,
"hpv16,hpv31",,,,,,,,,,,,,,,,,,
hpv16,,,,,,,,,,,,,,,,,,
hpv16,,,,,,,,,,,,,,,,,,
"hpv16,hpv58",,,,,,,,,,,,,,,,,,
hpv16,,,,,,,,,,,,,,,,,,
hpv16,,,,,,,,,,,,,,,,,,
"hpv16,hpv58",,,,,,,,,,,,,,,,,,
hpv16,,,,,,,,,,,,,,,,,,
hpv16,,,,,,,,,,,,,,,,,,
hpv16,,,,,,,,,,,,,,,,,,
"hpv16,hpv58",,,,,,,,,,,,,,,,,,
hpv16,,,,,,,,,,,,,,,,,,
"hpv16,hpv58",,,,,,,,,,,,,,,,,,
hpv16,,,,,,,,,,,,,,,,,,
hpv58,,,,,,,,,,,,,,,,,,
hpv16,,,,,,,,,,,,,,,,,,
hpv16,,,,,,,,,,,,,,,,,,
hpv16,,,,,,,,,,,,,,,,,,
hpv16,,,,,,,,,,,,,,,,,,
hpv16,,,,,,,,,,,,,,,,,,
hpv16,,,,,,,,,,,,,,,,,,
hpv16,,,,,,,,,,,,,,,,,,
hpv16,,,,,,,,,,,,,,,,,,
"hpv16,hpv58",,,,,,,,,,,,,,,,,,
hpv16,,,,,,,,,,,,,,,,,,
"hpv16,hpv33",,,,,,,,,,,,,,,,,,
hpv16,,,,,,,,,,,,,,,,,,
"hpv16,hpv18",,,,,,,,,,,,,,,,,,
hpv58,,,,,,,,,,,,,,,,,,
"hpv16,hpv58",,,,,,,,,,,,,,,,,,
hpv16,,,,,,,,,,,,,,,,,,
hpv16,,,,,,,,,,,,,,,,,,
hpv16,,,,,,,,,,,,,,,,,,
hpv16,,,,,,,,,,,,,,,,,,
hpv16,,,,,,,,,,,,,,,,,,
hpv16,,,,,,,,,,,,,,,,,,
hpv16,,,,,,,,,,,,,,,,,,
"hpv16,hpv58",,,,,,,,,,,,,,,,,,
hpv16,,,,,,,,,,,,,,,,,,
hpv16,,,,,,,,,,,,,,,,,,
hpv16,,,,,,,,,,,,,,,,,,
"hpv16,hpv31",,,,,,,,,,,,,,,,,,
"hpv16,hpv58",,,,,,,,,,,,,,,,,,
hpv16,,,,,,,,,,,,,,,,,,
"hpv16,hpv59",,,,,,,,,,,,,,,,,,
hpv16,,,,,,,,,,,,,,,,,,
hpv16,,,,,,,,,,,,,,,,,,
hpv16,,,,,,,,,,,,,,,,,,
"hpv16,hpv58",,,,,,,,,,,,,,,,,,
hpv16,,,,,,,,,,,,,,,,,,
hpv16,,,,,,,,,,,,,,,,,,
hpv16,,,,,,,,,,,,,,,,,,
hpv16,,,,,,,,,,,,,,,,,,
"hpv16,hpv18",,,,,,,,,,,,,,,,,,
hpv16,,,,,,,,,,,,,,,,,,
hpv16,,,,,,,,,,,,,,,,,,
hpv16,,,,,,,,,,,,,,,,,,
hpv16,,,,,,,,,,,,,,,,,,
hpv16,,,,,,,,,,,,,,,,,,
hpv16,,,,,,,,,,,,,,,,,,
hpv58,,,,,,,,,,,,,,,,,,
hpv16,,,,,,,,,,,,,,,,,,
hpv16,,,,,,,,,,,,,,,,,,
"hpv16,hpv58",,,,,,,,,,,,,,,,,,
hpv16,,,,,,,,,,,,,,,,,,
hpv16,,,,,,,,,,,,,,,,,,
hpv16,,,,,,,,,,,,,,,,,,
"hpv16,hpv31",,,,,,,,,,,,,,,,,,
hpv16,,,,,,,,,,,,,,,,,,
hpv16,,,,,,,,,,,,,,,,,,
hpv16,,,,,,,,,,,,,,,,,,
hpv16,,,,,,,,,,,,,,,,,,
hpv16,,,,,,,,,,,,,,,,,,
"hpv16,hpv58",,,,,,,,,,,,,,,,,,
"hpv16,hpv58",,,,,,,,,,,,,,,,,,
hpv16,,,,,,,,,,,,,,,,,,
hpv16,,,,,,,,,,,,,,,,,,
hpv16,,,,,,,,,,,,,,,,,,
"hpv16,hpv33",,,,,,,,,,,,,,,,,,
hpv16,,,,,,,,,,,,,,,,,,
hpv16,,,,,,,,,,,,,,,,,,
hpv16,,,,,,,,,,,,,,,,,,
hpv16,,,,,,,,,,,,,,,,,,
hpv16,,,,,,,,,,,,,,,,,,
hpv16,,,,,,,,,,,,,,,,,,
"hpv16,hpv58",,,,,,,,,,,,,,,,,,
hpv16,,,,,,,,,,,,,,,,,,
hpv16,,,,,,,,,,,,,,,,,,
"hpv16,hpv58",,,,,,,,,,,,,,,,,,
hpv16,,,,,,,,,,,,,,,,,,
"hpv16,hpv33,hpv58",,,,,,,,,,,,,,,,,,
"hpv16,hpv58",,,,,,,,,,,,,,,,,,
"hpv16,hpv31",,,,,,,,,,,,,,,,,,
"hpv16,hpv58",,,,,,,,,,,,,,,,,,
"hpv16,hpv31",,,,,,,,,,,,,,,,,,
hpv16,,,,,,,,,,,,,,,,,,
hpv16,,,,,,,,,,,,,,,,,,
"hpv16,hpv33",,,,,,,,,,,,,,,,,,
hpv16,,,,,,,,,,,,,,,,,,
hpv16,,,,,,,,,,,,,,,,,,
hpv16,,,,,,,,,,,,,,,,,,
"hpv16,hpv31",,,,,,,,,,,,,,,,,,
"hpv16,hpv18",,,,,,,,,,,,,,,,,,
hpv58,,,,,,,,,,,,,,,,,,
hpv16,,,,,,,,,,,,,,,,,,
hpv16,,,,,,,,,,,,,,,,,,
hpv16,,,,,,,,,,,,,,,,,,
hpv16,,,,,,,,,,,,,,,,,,
hpv16,,,,,,,,,,,,,,,,,,
hpv16,,,,,,,,,,,,,,,,,,
hpv16,,,,,,,,,,,,,,,,,,
hpv16,,,,,,,,,,,,,,,,,,
hpv16,,,,,,,,,,,,,,,,,,
hpv16,,,,,,,,,,,,,,,,,,
hpv16,,,,,,,,,,,,,,,,,,
hpv16,,,,,,,,,,,,,,,,,,
"hpv16,hpv18",,,,,,,,,,,,,,,,,,
"hpv16,hpv58",,,,,,,,,,,,,,,,,,
hpv16,,,,,,,,,,,,,,,,,,
hpv16,,,,,,,,,,,,,,,,,,
hpv16,,,,,,,,,,,,,,,,,,
"hpv16,hpv58",,,,,,,,,,,,,,,,,,
"hpv16,hpv58",,,,,,,,,,,,,,,,,,
hpv16,,,,,,,,,,,,,,,,,,
hpv16,,,,,,,,,,,,,,,,,,
hpv16,,,,,,,,,,,,,,,,,,
"hpv16,hpv58",,,,,,,,,,,,,,,,,,
hpv16,,,,,,,,,,,,,,,,,,
hpv16,,,,,,,,,,,,,,,,,,
hpv16,,,,,,,,,,,,,,,,,,
hpv16,,,,,,,,,,,,,,,,,,
"hpv16,hpv18",,,,,,,,,,,,,,,,,,
hpv16,,,,,,,,,,,,,,,,,,
hpv16,,,,,,,,,,,,,,,,,,
hpv16,,,,,,,,,,,,,,,,,,
"hpv16,hpv58",,,,,,,,,,,,,,,,,,
hpv58,,,,,,,,,,,,,,,,,,
hpv16,,,,,,,,,,,,,,,,,,
"hpv16,hpv58",,,,,,,,,,,,,,,,,,
"hpv16,hpv18",,,,,,,,,,,,,,,,,,
"hpv16,hpv31",,,,,,,,,,,,,,,,,,
hpv16,,,,,,,,,,,,,,,,,,
hpv16,,,,,,,,,,,,,,,,,,
hpv16,,,,,,,,,,,,,,,,,,
hpv16,,,,,,,,,,,,,,,,,,
"hpv16,hpv58",,,,,,,,,,,,,,,,,,
hpv16,,,,,,,,,,,,,,,,,,
"hpv16,hpv58",,,,,,,,,,,,,,,,,,
"hpv16,hpv58",,,,,,,,,,,,,,,,,,
hpv16,,,,,,,,,,,,,,,,,,
hpv16,,,,,,,,,,,,,,,,,,
hpv16,,,,,,,,,,,,,,,,,,
hpv16,,,,,,,,,,,,,,,,,,
hpv16,,,,,,,,,,,,,,,,,,
hpv16,,,,,,,,,,,,,,,,,,
hpv16,,,,,,,,,,,,,,,,,,
"hpv16,hpv31",,,,,,,,,,,,,,,,,,
hpv16,,,,,,,,,,,,,,,,,,
"hpv16,hpv58,hpv59",,,,,,,,,,,,,,,,,,
hpv16,,,,,,,,,,,,,,,,,,
hpv58,,,,,,,,,,,,,,,,,,
"hpv16,hpv31",,,,,,,,,,,,,,,,,,
hpv16,,,,,,,,,,,,,,,,,,
hpv16,,,,,,,,,,,,,,,,,,
hpv16,,,,,,,,,,,,,,,,,,
hpv16,,,,,,,,,,,,,,,,,,
hpv16,,,,,,,,,,,,,,,,,,
hpv16,,,,,,,,,,,,,,,,,,
hpv16,,,,,,,,,,,,,,,,,,
"hpv16,hpv58",,,,,,,,,,,,,,,,,,
hpv16,,,,,,,,,,,,,,,,,,
hpv58,,,,,,,,,,,,,,,,,,
hpv16,,,,,,,,,,,,,,,,,,
hpv16,,,,,,,,,,,,,,,,,,
hpv16,,,,,,,,,,,,,,,,,,
hpv58,,,,,,,,,,,,,,,,,,
hpv16,,,,,,,,,,,,,,,,,,
hpv16,,,,,,,,,,,,,,,,,,
hpv16,,,,,,,,,,,,,,,,,,
hpv16,,,,,,,,,,,,,,,,,,
"hpv16,hpv58",,,,,,,,,,,,,,,,,,
hpv16,,,,,,,,,,,,,,,,,,
"hpv16,hpv31",,,,,,,,,,,,,,,,,,
hpv16,,,,,,,,,,,,,,,,,,
hpv16,,,,,,,,,,,,,,,,,,
hpv16,,,,,,,,,,,,,,,,,,
hpv16,,,,,,,,,,,,,,,,,,
"hpv16,hpv18",,,,,,,,,,,,,,,,,,
hpv16,,,,,,,,,,,,,,,,,,
"hpv16,hpv58",,,,,,,,,,,,,,,,,,
hpv16,,,,,,,,,,,,,,,,,,
"hpv16,hpv58",,,,,,,,,,,,,,,,,,
hpv16,,,,,,,,,,,,,,,,,,
"hpv16,hpv58",,,,,,,,,,,,,,,,,,
hpv16,,,,,,,,,,,,,,,,,,
"hpv16,hpv31",,,,,,,,,,,,,,,,,,
"hpv16,hpv58",,,,,,,,,,,,,,,,,,
"hpv16,hpv31",,,,,,,,,,,,,,,,,,
hpv58,,,,,,,,,,,,,,,,,,
hpv16,,,,,,,,,,,,,,,,,,
"hpv16,hpv58",,,,,,,,,,,,,,,,,,
"hpv16,hpv31",,,,,,,,,,,,,,,,,,
hpv16,,,,,,,,,,,,,,,,,,
hpv16,,,,,,,,,,,,,,,,,,
hpv16,,,,,,,,,,,,,,,,,,
hpv16,,,,,,,,,,,,,,,,,,
hpv16,,,,,,,,,,,,,,,,,,
"hpv16,hpv58",,,,,,,,,,,,,,,,,,
hpv16,,,,,,,,,,,,,,,,,,
"hpv16,hpv18",,,,,,,,,,,,,,,,,,
hpv16,,,,,,,,,,,,,,,,,,
"hpv16,hpv58",,,,,,,,,,,,,,,,,,
"hpv16,hpv58",,,,,,,,,,,,,,,,,,
hpv16,,,,,,,,,,,,,,,,,,
hpv16,,,,,,,,,,,,,,,,,,
hpv16,,,,,,,,,,,,,,,,,,
"hpv16,hpv18",,,,,,,,,,,,,,,,,,
hpv16,,,,,,,,,,,,,,,,,,
hpv58,,,,,,,,,,,,,,,,,,
"hpv16,hpv31",,,,,,,,,,,,,,,,,,
hpv16,,,,,,,,,,,,,,,,,,
hpv16,,,,,,,,,,,,,,,,,,
hpv16,,,,,,,,,,,,,,,,,,
hpv16,,,,,,,,,,,,,,,,,,
hpv16,,,,,,,,,,,,,,,,,,
hpv16,,,,,,,,,,,,,,,,,,
"hpv16,hpv58",,,,,,,,,,,,,,,,,,
"hpv16,hpv58",,,,,,,,,,,,,,,,,,
hpv16,,,,,,,,,,,,,,,,,,
"hpv16,hpv18",,,,,,,,,,,,,,,,,,
hpv16,,,,,,,,,,,,,,,,,,
hpv16,,,,,,,,,,,,,,,,,,
"hpv16,hpv18",,,,,,,,,,,,,,,,,,
hpv16,,,,,,,,,,,,,,,,,,
hpv16,,,,,,,,,,,,,,,,,,
"hpv16,hpv58",,,,,,,,,,,,,,,,,,
"hpv16,hpv58",,,,,,,,,,,,,,,,,,
hpv16,,,,,,,,,,,,,,,,,,
"hpv16,hpv31",,,,,,,,,,,,,,,,,,
hpv16,,,,,,,,,,,,,,,,,,
hpv16,,,,,,,,,,,,,,,,,,
"hpv16,hpv33",,,,,,,,,,,,,,,,,,
hpv16,,,,,,,,,,,,,,,,,,
hpv16,,,,,,,,,,,,,,,,,,
hpv16,,,,,,,,,,,,,,,,,,
hpv16,,,,,,,,,,,,,,,,,,
hpv16,,,,,,,,,,,,,,,,,,
hpv16,,,,,,,,,,,,,,,,,,
"hpv16,hpv18,hpv31,hpv52",,,,,,,,,,,,,,,,,,
hpv16,,,,,,,,,,,,,,,,,,
hpv16,,,,,,,,,,,,,,,,,,
hpv16,,,,,,,,,,,,,,,,,,
"hpv16,hpv18",,,,,,,,,,,,,,,,,,
hpv16,,,,,,,,,,,,,,,,,,
hpv16,,,,,,,,,,,,,,,,,,
hpv16,,,,,,,,,,,,,,,,,,
hpv16,,,,,,,,,,,,,,,,,,
hpv16,,,,,,,,,,,,,,,,,,
"hpv16,hpv58",,,,,,,,,,,,,,,,,,
hpv16,,,,,,,,,,,,,,,,,,
hpv16,,,,,,,,,,,,,,,,,,
hpv16,,,,,,,,,,,,,,,,,,
hpv16,,,,,,,,,,,,,,,,,,
hpv16,,,,,,,,,,,,,,,,,,
hpv16,,,,,,,,,,,,,,,,,,
"hpv16,hpv31",,,,,,,,,,,,,,,,,,
"hpv16,hpv31",,,,,,,,,,,,,,,,,,
hpv16,,,,,,,,,,,,,,,,,,
hpv16,,,,,,,,,,,,,,,,,,
hpv16,,,,,,,,,,,,,,,,,,
"hpv16,hpv58",,,,,,,,,,,,,,,,,,
hpv16,,,,,,,,,,,,,,,,,,
"hpv16,hpv58",,,,,,,,,,,,,,,,,,
hpv16,,,,,,,,,,,,,,,,,,
hpv16,,,,,,,,,,,,,,,,,,
"hpv16,hpv59",,,,,,,,,,,,,,,,,,
"hpv16,hpv18",,,,,,,,,,,,,,,,,,
"hpv16,hpv18,hpv31,hpv52",,,,,,,,,,,,,,,,,,
"hpv16,hpv31",,,,,,,,,,,,,,,,,,
hpv16,,,,,,,,,,,,,,,,,,
"hpv16,hpv31",,,,,,,,,,,,,,,,,,
hpv16,,,,,,,,,,,,,,,,,,
"hpv16,hpv58",,,,,,,,,,,,,,,,,,
hpv16,,,,,,,,,,,,,,,,,,
hpv16,,,,,,,,,,,,,,,,,,
hpv16,,,,,,,,,,,,,,,,,,
hpv16,,,,,,,,,,,,,,,,,,
hpv16,,,,,,,,,,,,,,,,,,
hpv16,,,,,,,,,,,,,,,,,,
hpv16,,,,,,,,,,,,,,,,,,
hpv16,,,,,,,,,,,,,,,,,,
hpv16,,,,,,,,,,,,,,,,,,
hpv16,,,,,,,,,,,,,,,,,,
hpv16,,,,,,,,,,,,,,,,,,
"hpv16,hpv18,hpv31,hpv52",,,,,,,,,,,,,,,,,,
"hpv16,hpv31",,,,,,,,,,,,,,,,,,
hpv16,,,,,,,,,,,,,,,,,,
hpv16,,,,,,,,,,,,,,,,,,
"hpv16,hpv18",,,,,,,,,,,,,,,,,,
hpv16,,,,,,,,,,,,,,,,,,
hpv16,,,,,,,,,,,,,,,,,,
"hpv16,hpv31",,,,,,,,,,,,,,,,,,
hpv16,,,,,,,,,,,,,,,,,,
"hpv16,hpv58",,,,,,,,,,,,,,,,,,
hpv16,,,,,,,,,,,,,,,,,,
hpv16,,,,,,,,,,,,,,,,,,
hpv16,,,,,,,,,,,,,,,,,,
hpv16,,,,,,,,,,,,,,,,,,
"hpv16,hpv58",,,,,,,,,,,,,,,,,,
"hpv16,hpv31",,,,,,,,,,,,,,,,,,
hpv16,,,,,,,,,,,,,,,,,,
hpv16,,,,,,,,,,,,,,,,,,
hpv16,,,,,,,,,,,,,,,,,,
hpv16,,,,,,,,,,,,,,,,,,
hpv16,,,,,,,,,,,,,,,,,,
hpv16,,,,,,,,,,,,,,,,,,
"hpv16,hpv31",,,,,,,,,,,,,,,,,,
hpv16,,,,,,,,,,,,,,,,,,
hpv16,,,,,,,,,,,,,,,,,,
hpv16,,,,,,,,,,,,,,,,,,
hpv16,,,,,,,,,,,,,,,,,,
hpv16,,,,,,,,,,,,,,,,,,
hpv16,,,,,,,,,,,,,,,,,,
hpv16,,,,,,,,,,,,,,,,,,
hpv16,,,,,,,,,,,,,,,,,,
hpv16,,,,,,,,,,,,,,,,,,
"hpv16,hpv31",,,,,,,,,,,,,,,,,,
hpv16,,,,,,,,,,,,,,,,,,
hpv16,,,,,,,,,,,,,,,,,,
hpv16,,,,,,,,,,,,,,,,,,
hpv16,,,,,,,,,,,,,,,,,,
hpv16,,,,,,,,,,,,,,,,,,
hpv16,,,,,,,,,,,,,,,,,,
"hpv16,hpv58",,,,,,,,,,,,,,,,,,
hpv16,,,,,,,,,,,,,,,,,,
hpv16,,,,,,,,,,,,,,,,,,
"hpv16,hpv31",,,,,,,,,,,,,,,,,,
hpv16,,,,,,,,,,,,,,,,,,
hpv16,,,,,,,,,,,,,,,,,,
hpv16,,,,,,,,,,,,,,,,,,
"hpv16,hpv31",,,,,,,,,,,,,,,,,,
"hpv16,hpv58,hpv59",,,,,,,,,,,,,,,,,,
"hpv16,hpv58",,,,,,,,,,,,,,,,,,
hpv16,,,,,,,,,,,,,,,,,,
"hpv16,hpv18",,,,,,,,,,,,,,,,,,
hpv16,,,,,,,,,,,,,,,,,,
"hpv16,hpv33",,,,,,,,,,,,,,,,,,
hpv58,,,,,,,,,,,,,,,,,,
"hpv16,hpv31",,,,,,,,,,,,,,,,,,
hpv16,,,,,,,,,,,,,,,,,,
hpv16,,,,,,,,,,,,,,,,,,
hpv16,,,,,,,,,,,,,,,,,,
hpv16,,,,,,,,,,,,,,,,,,
hpv16,,,,,,,,,,,,,,,,,,
hpv16,,,,,,,,,,,,,,,,,,
hpv16,,,,,,,,,,,,,,,,,,
hpv16,,,,,,,,,,,,,,,,,,
hpv16,,,,,,,,,,,,,,,,,,
hpv16,,,,,,,,,,,,,,,,,,
"hpv16,hpv58",,,,,,,,,,,,,,,,,,
hpv16,,,,,,,,,,,,,,,,,,
hpv16,,,,,,,,,,,,,,,,,,
hpv16,,,,,,,,,,,,,,,,,,
hpv16,,,,,,,,,,,,,,,,,,
hpv16,,,,,,,,,,,,,,,,,,
hpv16,,,,,,,,,,,,,,,,,,
hpv16,,,,,,,,,,,,,,,,,,
hpv16,,,,,,,,,,,,,,,,,,
hpv16,,,,,,,,,,,,,,,,,,
hpv16,,,,,,,,,,,,,,,,,,
hpv16,,,,,,,,,,,,,,,,,,
"hpv16,hpv58",,,,,,,,,,,,,,,,,,
hpv16,,,,,,,,,,,,,,,,,,
hpv16,,,,,,,,,,,,,,,,,,
"hpv16,hpv58",,,,,,,,,,,,,,,,,,
hpv16,,,,,,,,,,,,,,,,,,
hpv16,,,,,,,,,,,,,,,,,,
"hpv16,hpv58",,,,,,,,,,,,,,,,,,
hpv16,,,,,,,,,,,,,,,,,,
hpv16,,,,,,,,,,,,,,,,,,
"hpv16,hpv31",,,,,,,,,,,,,,,,,,
hpv16,,,,,,,,,,,,,,,,,,
hpv16,,,,,,,,,,,,,,,,,,
"hpv16,hpv31",,,,,,,,,,,,,,,,,,
hpv16,,,,,,,,,,,,,,,,,,
hpv16,,,,,,,,,,,,,,,,,,
"hpv16,hpv18",,,,,,,,,,,,,,,,,,
"hpv16,hpv33,hpv58",,,,,,,,,,,,,,,,,,
hpv16,,,,,,,,,,,,,,,,,,
hpv16,,,,,,,,,,,,,,,,,,
hpv16,,,,,,,,,,,,,,,,,,
"hpv16,hpv31",,,,,,,,,,,,,,,,,,
hpv16,,,,,,,,,,,,,,,,,,
hpv16,,,,,,,,,,,,,,,,,,
hpv16,,,,,,,,,,,,,,,,,,
hpv16,,,,,,,,,,,,,,,,,,
"hpv16,hpv33,hpv58",,,,,,,,,,,,,,,,,,
hpv16,,,,,,,,,,,,,,,,,,
hpv16,,,,,,,,,,,,,,,,,,
"hpv16,hpv18",,,,,,,,,,,,,,,,,,
"hpv16,hpv58",,,,,,,,,,,,,,,,,,
hpv16,,,,,,,,,,,,,,,,,,
"hpv16,hpv58",,,,,,,,,,,,,,,,,,
hpv16,,,,,,,,,,,,,,,,,,
hpv16,,,,,,,,,,,,,,,,,,
"hpv16,hpv18",,,,,,,,,,,,,,,,,,
hpv16,,,,,,,,,,,,,,,,,,
hpv16,,,,,,,,,,,,,,,,,,
hpv16,,,,,,,,,,,,,,,,,,
"hpv16,hpv58",,,,,,,,,,,,,,,,,,
"hpv16,hpv58",,,,,,,,,,,,,,,,,,
hpv16,,,,,,,,,,,,,,,,,,
hpv16,,,,,,,,,,,,,,,,,,
hpv16,,,,,,,,,,,,,,,,,,
hpv16,,,,,,,,,,,,,,,,,,
hpv16,,,,,,,,,,,,,,,,,,
"hpv16,hpv31",,,,,,,,,,,,,,,,,,
hpv16,,,,,,,,,,,,,,,,,,
"hpv16,hpv31",,,,,,,,,,,,,,,,,,
hpv16,,,,,,,,,,,,,,,,,,
hpv16,,,,,,,,,,,,,,,,,,
hpv16,,,,,,,,,,,,,,,,,,
hpv16,,,,,,,,,,,,,,,,,,
hpv16,,,,,,,,,,,,,,,,,,
hpv16,,,,,,,,,,,,,,,,,,
"hpv16,hpv18",,,,,,,,,,,,,,,,,,
"hpv16,hpv58",,,,,,,,,,,,,,,,,,
hpv16,,,,,,,,,,,,,,,,,,
"hpv11,hpv16,hpv33",,,,,,,,,,,,,,,,,,
"hpv16,hpv18,hpv31",,,,,,,,,,,,,,,,,,
"hpv16,hpv31",,,,,,,,,,,,,,,,,,
"hpv16,hpv58",,,,,,,,,,,,,,,,,,
hpv16,,,,,,,,,,,,,,,,,,
hpv16,,,,,,,,,,,,,,,,,,
"hpv16,hpv59",,,,,,,,,,,,,,,,,,
"hpv16,hpv58",,,,,,,,,,,,,,,,,,
hpv16,,,,,,,,,,,,,,,,,,
hpv16,,,,,,,,,,,,,,,,,,
hpv16,,,,,,,,,,,,,,,,,,
hpv16,,,,,,,,,,,,,,,,,,
hpv16,,,,,,,,,,,,,,,,,,
"hpv16,hpv58",,,,,,,,,,,,,,,,,,
hpv16,,,,,,,,,,,,,,,,,,
hpv16,,,,,,,,,,,,,,,,,,
"hpv16,hpv58",,,,,,,,,,,,,,,,,,
"hpv16,hpv58",,,,,,,,,,,,,,,,,,
"hpv16,hpv31",,,,,,,,,,,,,,,,,,
hpv16,,,,,,,,,,,,,,,,,,
"hpv16,hpv33,hpv58",,,,,,,,,,,,,,,,,,
hpv16,,,,,,,,,,,,,,,,,,
hpv16,,,,,,,,,,,,,,,,,,
hpv16,,,,,,,,,,,,,,,,,,
hpv16,,,,,,,,,,,,,,,,,,
hpv16,,,,,,,,,,,,,,,,,,
"hpv16,hpv58",,,,,,,,,,,,,,,,,,
hpv16,,,,,,,,,,,,,,,,,,
hpv16,,,,,,,,,,,,,,,,,,
hpv16,,,,,,,,,,,,,,,,,,
hpv16,,,,,,,,,,,,,,,,,,
hpv16,,,,,,,,,,,,,,,,,,
hpv16,,,,,,,,,,,,,,,,,,
"hpv16,hpv59",,,,,,,,,,,,,,,,,,
hpv16,,,,,,,,,,,,,,,,,,
"hpv16,hpv18",,,,,,,,,,,,,,,,,,
"hpv16,hpv18",,,,,,,,,,,,,,,,,,
"hpv16,hpv31",,,,,,,,,,,,,,,,,,
hpv16,,,,,,,,,,,,,,,,,,
hpv16,,,,,,,,,,,,,,,,,,
hpv16,,,,,,,,,,,,,,,,,,
"hpv16,hpv58",,,,,,,,,,,,,,,,,,
hpv16,,,,,,,,,,,,,,,,,,
"hpv16,hpv59",,,,,,,,,,,,,,,,,,
hpv16,,,,,,,,,,,,,,,,,,
hpv16,,,,,,,,,,,,,,,,,,
"hpv16,hpv58",,,,,,,,,,,,,,,,,,
hpv16,,,,,,,,,,,,,,,,,,
hpv16,,,,,,,,,,,,,,,,,,
hpv16,,,,,,,,,,,,,,,,,,
"hpv16,hpv33",,,,,,,,,,,,,,,,,,
hpv16,,,,,,,,,,,,,,,,,,
hpv16,,,,,,,,,,,,,,,,,,
hpv16,,,,,,,,,,,,,,,,,,
hpv16,,,,,,,,,,,,,,,,,,
hpv16,,,,,,,,,,,,,,,,,,
hpv16,,,,,,,,,,,,,,,,,,
"hpv16,hpv58,hpv59",,,,,,,,,,,,,,,,,,
hpv16,,,,,,,,,,,,,,,,,,
hpv18,,,,,,,,,,,,,,,,,,
hpv16,,,,,,,,,,,,,,,,,,
hpv16,,,,,,,,,,,,,,,,,,
"hpv16,hpv59",,,,,,,,,,,,,,,,,,
"hpv16,hpv31",,,,,,,,,,,,,,,,,,
hpv16,,,,,,,,,,,,,,,,,,
"hpv16,hpv31",,,,,,,,,,,,,,,,,,
"hpv16,hpv31",,,,,,,,,,,,,,,,,,
"hpv16,hpv58",,,,,,,,,,,,,,,,,,
hpv16,,,,,,,,,,,,,,,,,,
"hpv16,hpv18",,,,,,,,,,,,,,,,,,
"hpv16,hpv58",,,,,,,,,,,,,,,,,,
hpv16,,,,,,,,,,,,,,,,,,
hpv16,,,,,,,,,,,,,,,,,,
hpv16,,,,,,,,,,,,,,,,,,
hpv16,,,,,,,,,,,,,,,,,,
hpv58,,,,,,,,,,,,,,,,,,
hpv16,,,,,,,,,,,,,,,,,,
"hpv16,hpv33",,,,,,,,,,,,,,,,,,
"hpv16,hpv18,hpv45",,,,,,,,,,,,,,,,,,
hpv16,,,,,,,,,,,,,,,,,,
"hpv16,hpv31",,,,,,,,,,,,,,,,,,
"hpv16,hpv58",,,,,,,,,,,,,,,,,,
hpv16,,,,,,,,,,,,,,,,,,
hpv16,,,,,,,,,,,,,,,,,,
"hpv16,hpv31",,,,,,,,,,,,,,,,,,
hpv16,,,,,,,,,,,,,,,,,,
hpv16,,,,,,,,,,,,,,,,,,
"hpv16,hpv58",,,,,,,,,,,,,,,,,,
hpv16,,,,,,,,,,,,,,,,,,
hpv16,,,,,,,,,,,,,,,,,,
hpv16,,,,,,,,,,,,,,,,,,
hpv16,,,,,,,,,,,,,,,,,,
hpv16,,,,,,,,,,,,,,,,,,
"hpv16,hpv58",,,,,,,,,,,,,,,,,,
hpv16,,,,,,,,,,,,,,,,,,
hpv16,,,,,,,,,,,,,,,,,,
hpv16,,,,,,,,,,,,,,,,,,
hpv16,,,,,,,,,,,,,,,,,,
hpv16,,,,,,,,,,,,,,,,,,
hpv16,,,,,,,,,,,,,,,,,,
hpv16,,,,,,,,,,,,,,,,,,
hpv16,,,,,,,,,,,,,,,,,,
hpv16,,,,,,,,,,,,,,,,,,
"hpv16,hpv59",,,,,,,,,,,,,,,,,,
hpv16,,,,,,,,,,,,,,,,,,
hpv16,,,,,,,,,,,,,,,,,,
"hpv16,hpv59",,,,,,,,,,,,,,,,,,
hpv16,,,,,,,,,,,,,,,,,,
"hpv16,hpv31",,,,,,,,,,,,,,,,,,
"hpv16,hpv58",,,,,,,,,,,,,,,,,,
hpv16,,,,,,,,,,,,,,,,,,
hpv16,,,,,,,,,,,,,,,,,,
hpv16,,,,,,,,,,,,,,,,,,
"hpv16,hpv58",,,,,,,,,,,,,,,,,,
"hpv16,hpv31",,,,,,,,,,,,,,,,,,
hpv16,,,,,,,,,,,,,,,,,,
"hpv16,hpv58",,,,,,,,,,,,,,,,,,
hpv16,,,,,,,,,,,,,,,,,,
"hpv16,hpv18,hpv31,hpv52",,,,,,,,,,,,,,,,,,
"hpv16,hpv18,hpv52",,,,,,,,,,,,,,,,,,
hpv16,,,,,,,,,,,,,,,,,,
hpv16,,,,,,,,,,,,,,,,,,
"hpv16,hpv58",,,,,,,,,,,,,,,,,,
hpv16,,,,,,,,,,,,,,,,,,
"hpv16,hpv58",,,,,,,,,,,,,,,,,,
hpv16,,,,,,,,,,,,,,,,,,
"hpv16,hpv31",,,,,,,,,,,,,,,,,,
hpv16,,,,,,,,,,,,,,,,,,
hpv16,,,,,,,,,,,,,,,,,,
"hpv16,hpv33",,,,,,,,,,,,,,,,,,
"hpv16,hpv58",,,,,,,,,,,,,,,,,,
hpv16,,,,,,,,,,,,,,,,,,
hpv16,,,,,,,,,,,,,,,,,,
hpv16,,,,,,,,,,,,,,,,,,
"hpv16,hpv18",,,,,,,,,,,,,,,,,,
hpv58,,,,,,,,,,,,,,,,,,
"hpv16,hpv31",,,,,,,,,,,,,,,,,,
"hpv16,hpv58",,,,,,,,,,,,,,,,,,
"hpv16,hpv31",,,,,,,,,,,,,,,,,,
"hpv16,hpv59",,,,,,,,,,,,,,,,,,
"hpv16,hpv31",,,,,,,,,,,,,,,,,,
hpv16,,,,,,,,,,,,,,,,,,
hpv16,,,,,,,,,,,,,,,,,,
hpv16,,,,,,,,,,,,,,,,,,
hpv16,,,,,,,,,,,,,,,,,,
"hpv16,hpv59",,,,,,,,,,,,,,,,,,
hpv16,,,,,,,,,,,,,,,,,,
"hpv16,hpv31",,,,,,,,,,,,,,,,,,
"hpv16,hpv18,hpv31,hpv52",,,,,,,,,,,,,,,,,,
"hpv16,hpv31",,,,,,,,,,,,,,,,,,
"hpv16,hpv18",,,,,,,,,,,,,,,,,,
hpv16,,,,,,,,,,,,,,,,,,
hpv16,,,,,,,,,,,,,,,,,,
hpv16,,,,,,,,,,,,,,,,,,
hpv16,,,,,,,,,,,,,,,,,,
hpv16,,,,,,,,,,,,,,,,,,
"hpv16,hpv31",,,,,,,,,,,,,,,,,,
hpv58,,,,,,,,,,,,,,,,,,
"hpv16,hpv18,hpv31,hpv52",,,,,,,,,,,,,,,,,,
hpv16,,,,,,,,,,,,,,,,,,
hpv16,,,,,,,,,,,,,,,,,,
hpv16,,,,,,,,,,,,,,,,,,
hpv16,,,,,,,,,,,,,,,,,,
"hpv16,hpv58",,,,,,,,,,,,,,,,,,
hpv16,,,,,,,,,,,,,,,,,,
hpv16,,,,,,,,,,,,,,,,,,
"hpv16,hpv18",,,,,,,,,,,,,,,,,,
hpv16,,,,,,,,,,,,,,,,,,
"hpv16,hpv58",,,,,,,,,,,,,,,,,,
hpv16,,,,,,,,,,,,,,,,,,
hpv16,,,,,,,,,,,,,,,,,,
hpv16,,,,,,,,,,,,,,,,,,
hpv16,,,,,,,,,,,,,,,,,,
hpv16,,,,,,,,,,,,,,,,,,
"hpv16,hpv31",,,,,,,,,,,,,,,,,,
"hpv16,hpv58",,,,,,,,,,,,,,,,,,
hpv58,,,,,,,,,,,,,,,,,,
hpv16,,,,,,,,,,,,,,,,,,
hpv16,,,,,,,,,,,,,,,,,,
hpv16,,,,,,,,,,,,,,,,,,
"hpv16,hpv18,hpv31,hpv52",,,,,,,,,,,,,,,,,,
"hpv16,hpv58",,,,,,,,,,,,,,,,,,
hpv16,,,,,,,,,,,,,,,,,,
hpv16,,,,,,,,,,,,,,,,,,
"hpv16,hpv18,hpv31",,,,,,,,,,,,,,,,,,
hpv16,,,,,,,,,,,,,,,,,,
hpv16,,,,,,,,,,,,,,,,,,
"hpv16,hpv18",,,,,,,,,,,,,,,,,,
hpv16,,,,,,,,,,,,,,,,,,
hpv16,,,,,,,,,,,,,,,,,,
hpv16,,,,,,,,,,,,,,,,,,
hpv16,,,,,,,,,,,,,,,,,,
"hpv16,hpv58",,,,,,,,,,,,,,,,,,
"hpv16,hpv18,hpv31",,,,,,,,,,,,,,,,,,
"hpv16,hpv33",,,,,,,,,,,,,,,,,,
hpv16,,,,,,,,,,,,,,,,,,
hpv16,,,,,,,,,,,,,,,,,,
hpv16,,,,,,,,,,,,,,,,,,
hpv16,,,,,,,,,,,,,,,,,,
hpv16,,,,,,,,,,,,,,,,,,
hpv16,,,,,,,,,,,,,,,,,,
"hpv16,hpv31",,,,,,,,,,,,,,,,,,
"hpv18,hpv59",,,,,,,,,,,,,,,,,,
hpv16,,,,,,,,,,,,,,,,,,
hpv16,,,,,,,,,,,,,,,,,,
"hpv16,hpv58",,,,,,,,,,,,,,,,,,
"hpv16,hpv31",,,,,,,,,,,,,,,,,,
hpv16,,,,,,,,,,,,,,,,,,
hpv16,,,,,,,,,,,,,,,,,,
hpv16,,,,,,,,,,,,,,,,,,
hpv58,,,,,,,,,,,,,,,,,,
hpv16,,,,,,,,,,,,,,,,,,
hpv16,,,,,,,,,,,,,,,,,,
"hpv16,hpv18",,,,,,,,,,,,,,,,,,
"hpv16,hpv58",,,,,,,,,,,,,,,,,,
hpv16,,,,,,,,,,,,,,,,,,
hpv16,,,,,,,,,,,,,,,,,,
hpv16,,,,,,,,,,,,,,,,,,
"hpv16,hpv18",,,,,,,,,,,,,,,,,,
hpv16,,,,,,,,,,,,,,,,,,
"hpv16,hpv58",,,,,,,,,,,,,,,,,,
hpv16,,,,,,,,,,,,,,,,,,
"hpv16,hpv31",,,,,,,,,,,,,,,,,,
hpv16,,,,,,,,,,,,,,,,,,
hpv16,,,,,,,,,,,,,,,,,,
hpv16,,,,,,,,,,,,,,,,,,
hpv16,,,,,,,,,,,,,,,,,,
hpv16,,,,,,,,,,,,,,,,,,
hpv16,,,,,,,,,,,,,,,,,,
hpv16,,,,,,,,,,,,,,,,,,
"hpv16,hpv31",,,,,,,,,,,,,,,,,,
hpv16,,,,,,,,,,,,,,,,,,
"hpv16,hpv33",,,,,,,,,,,,,,,,,,
hpv16,,,,,,,,,,,,,,,,,,
hpv16,,,,,,,,,,,,,,,,,,
hpv16,,,,,,,,,,,,,,,,,,
hpv16,,,,,,,,,,,,,,,,,,
hpv16,,,,,,,,,,,,,,,,,,
"hpv16,hpv18,hpv45",,,,,,,,,,,,,,,,,,
"hpv16,hpv31",,,,,,,,,,,,,,,,,,
hpv16,,,,,,,,,,,,,,,,,,
"hpv16,hpv18",,,,,,,,,,,,,,,,,,
hpv16,,,,,,,,,,,,,,,,,,
hpv16,,,,,,,,,,,,,,,,,,
"hpv16,hpv58",,,,,,,,,,,,,,,,,,
hpv16,,,,,,,,,,,,,,,,,,
hpv16,,,,,,,,,,,,,,,,,,
"hpv11,hpv16,hpv33",,,,,,,,,,,,,,,,,,
hpv16,,,,,,,,,,,,,,,,,,
hpv16,,,,,,,,,,,,,,,,,,
"hpv16,hpv18",,,,,,,,,,,,,,,,,,
"hpv16,hpv58",,,,,,,,,,,,,,,,,,
hpv16,,,,,,,,,,,,,,,,,,
"hpv16,hpv31",,,,,,,,,,,,,,,,,,
"hpv16,hpv58",,,,,,,,,,,,,,,,,,
hpv18,,,,,,,,,,,,,,,,,,
hpv16,,,,,,,,,,,,,,,,,,
hpv16,,,,,,,,,,,,,,,,,,
hpv16,,,,,,,,,,,,,,,,,,
"hpv16,hpv58",,,,,,,,,,,,,,,,,,
hpv16,,,,,,,,,,,,,,,,,,
"hpv16,hpv18,hpv45",,,,,,,,,,,,,,,,,,
hpv16,,,,,,,,,,,,,,,,,,
hpv16,,,,,,,,,,,,,,,,,,
"hpv16,hpv33",,,,,,,,,,,,,,,,,,
hpv16,,,,,,,,,,,,,,,,,,
hpv16,,,,,,,,,,,,,,,,,,
hpv16,,,,,,,,,,,,,,,,,,
hpv16,,,,,,,,,,,,,,,,,,
hpv16,,,,,,,,,,,,,,,,,,
hpv16,,,,,,,,,,,,,,,,,,
hpv16,,,,,,,,,,,,,,,,,,
hpv16,,,,,,,,,,,,,,,,,,
hpv16,,,,,,,,,,,,,,,,,,
hpv16,,,,,,,,,,,,,,,,,,
hpv16,,,,,,,,,,,,,,,,,,
hpv16,,,,,,,,,,,,,,,,,,
hpv16,,,,,,,,,,,,,,,,,,
"hpv16,hpv31",,,,,,,,,,,,,,,,,,
hpv16,,,,,,,,,,,,,,,,,,
hpv16,,,,,,,,,,,,,,,,,,
hpv16,,,,,,,,,,,,,,,,,,
hpv16,,,,,,,,,,,,,,,,,,
"hpv16,hpv59",,,,,,,,,,,,,,,,,,
hpv16,,,,,,,,,,,,,,,,,,
"hpv16,hpv58",,,,,,,,,,,,,,,,,,
hpv16,,,,,,,,,,,,,,,,,,
"hpv16,hpv31",,,,,,,,,,,,,,,,,,
"hpv16,hpv58",,,,,,,,,,,,,,,,,,
hpv16,,,,,,,,,,,,,,,,,,
hpv16,,,,,,,,,,,,,,,,,,
hpv16,,,,,,,,,,,,,,,,,,
"hpv16,hpv58",,,,,,,,,,,,,,,,,,
hpv16,,,,,,,,,,,,,,,,,,
"hpv16,hpv31",,,,,,,,,,,,,,,,,,
hpv16,,,,,,,,,,,,,,,,,,
hpv16,,,,,,,,,,,,,,,,,,
hpv16,,,,,,,,,,,,,,,,,,
hpv16,,,,,,,,,,,,,,,,,,
hpv16,,,,,,,,,,,,,,,,,,
hpv16,,,,,,,,,,,,,,,,,,
hpv16,,,,,,,,,,,,,,,,,,
hpv16,,,,,,,,,,,,,,,,,,
hpv16,,,,,,,,,,,,,,,,,,
hpv16,,,,,,,,,,,,,,,,,,
hpv16,,,,,,,,,,,,,,,,,,
"hpv16,hpv18,hpv45",,,,,,,,,,,,,,,,,,
hpv16,,,,,,,,,,,,,,,,,,
"hpv16,hpv58",,,,,,,,,,,,,,,,,,
"hpv16,hpv18",,,,,,,,,,,,,,,,,,
"hpv16,hpv58",,,,,,,,,,,,,,,,,,
hpv16,,,,,,,,,,,,,,,,,,
hpv16,,,,,,,,,,,,,,,,,,
hpv16,,,,,,,,,,,,,,,,,,
hpv16,,,,,,,,,,,,,,,,,,
hpv16,,,,,,,,,,,,,,,,,,
"hpv16,hpv31",,,,,,,,,,,,,,,,,,
hpv16,,,,,,,,,,,,,,,,,,
"hpv16,hpv58",,,,,,,,,,,,,,,,,,
hpv16,,,,,,,,,,,,,,,,,,
"hpv16,hpv59",,,,,,,,,,,,,,,,,,
"hpv16,hpv33",,,,,,,,,,,,,,,,,,
hpv16,,,,,,,,,,,,,,,,,,
"hpv16,hpv58",,,,,,,,,,,,,,,,,,
"hpv16,hpv18",,,,,,,,,,,,,,,,,,
"hpv16,hpv31",,,,,,,,,,,,,,,,,,
hpv16,,,,,,,,,,,,,,,,,,
"hpv16,hpv18",,,,,,,,,,,,,,,,,,
hpv16,,,,,,,,,,,,,,,,,,
hpv16,,,,,,,,,,,,,,,,,,
"hpv16,hpv58,hpv59",,,,,,,,,,,,,,,,,,
hpv16,,,,,,,,,,,,,,,,,,
hpv16,,,,,,,,,,,,,,,,,,
"hpv16,hpv58",,,,,,,,,,,,,,,,,,
hpv16,,,,,,,,,,,,,,,,,,
hpv16,,,,,,,,,,,,,,,,,,
hpv16,,,,,,,,,,,,,,,,,,
hpv16,,,,,,,,,,,,,,,,,,
hpv16,,,,,,,,,,,,,,,,,,
hpv16,,,,,,,,,,,,,,,,,,
hpv16,,,,,,,,,,,,,,,,,,
hpv16,,,,,,,,,,,,,,,,,,
"hpv16,hpv31",,,,,,,,,,,,,,,,,,
"hpv16,hpv31",,,,,,,,,,,,,,,,,,
hpv16,,,,,,,,,,,,,,,,,,
"hpv16,hpv33",,,,,,,,,,,,,,,,,,
hpv16,,,,,,,,,,,,,,,,,,
hpv16,,,,,,,,,,,,,,,,,,
hpv16,,,,,,,,,,,,,,,,,,
hpv16,,,,,,,,,,,,,,,,,,
hpv16,,,,,,,,,,,,,,,,,,
"hpv16,hpv33,hpv58",,,,,,,,,,,,,,,,,,
hpv16,,,,,,,,,,,,,,,,,,
hpv16,,,,,,,,,,,,,,,,,,
hpv16,,,,,,,,,,,,,,,,,,
"hpv16,hpv18",,,,,,,,,,,,,,,,,,
hpv16,,,,,,,,,,,,,,,,,,
"hpv16,hpv18",,,,,,,,,,,,,,,,,,
hpv16,,,,,,,,,,,,,,,,,,
hpv16,,,,,,,,,,,,,,,,,,
hpv16,,,,,,,,,,,,,,,,,,
hpv16,,,,,,,,,,,,,,,,,,
"hpv16,hpv58",,,,,,,,,,,,,,,,,,
"hpv16,hpv18",,,,,,,,,,,,,,,,,,
hpv16,,,,,,,,,,,,,,,,,,
hpv16,,,,,,,,,,,,,,,,,,
hpv58,,,,,,,,,,,,,,,,,,
hpv16,,,,,,,,,,,,,,,,,,
hpv16,,,,,,,,,,,,,,,,,,
"hpv16,hpv31",,,,,,,,,,,,,,,,,,
hpv16,,,,,,,,,,,,,,,,,,
"hpv16,hpv31",,,,,,,,,,,,,,,,,,
"hpv16,hpv58",,,,,,,,,,,,,,,,,,
hpv16,,,,,,,,,,,,,,,,,,
hpv16,,,,,,,,,,,,,,,,,,
hpv16,,,,,,,,,,,,,,,,,,
hpv16,,,,,,,,,,,,,,,,,,
hpv16,,,,,,,,,,,,,,,,,,
hpv16,,,,,,,,,,,,,,,,,,
"hpv16,hpv31",,,,,,,,,,,,,,,,,,
hpv16,,,,,,,,,,,,,,,,,,
hpv16,,,,,,,,,,,,,,,,,,
"hpv16,hpv18,hpv31,hpv52",,,,,,,,,,,,,,,,,,
hpv16,,,,,,,,,,,,,,,,,,
hpv16,,,,,,,,,,,,,,,,,,
hpv16,,,,,,,,,,,,,,,,,,
hpv16,,,,,,,,,,,,,,,,,,
hpv16,,,,,,,,,,,,,,,,,,
"hpv16,hpv58",,,,,,,,,,,,,,,,,,
hpv16,,,,,,,,,,,,,,,,,,
"hpv16,hpv58",,,,,,,,,,,,,,,,,,
hpv16,,,,,,,,,,,,,,,,,,
hpv16,,,,,,,,,,,,,,,,,,
hpv16,,,,,,,,,,,,,,,,,,
hpv16,,,,,,,,,,,,,,,,,,
hpv58,,,,,,,,,,,,,,,,,,
"hpv16,hpv18,hpv45",,,,,,,,,,,,,,,,,,
hpv16,,,,,,,,,,,,,,,,,,
hpv16,,,,,,,,,,,,,,,,,,
hpv16,,,,,,,,,,,,,,,,,,
hpv16,,,,,,,,,,,,,,,,,,
"hpv16,hpv31",,,,,,,,,,,,,,,,,,
hpv16,,,,,,,,,,,,,,,,,,
hpv16,,,,,,,,,,,,,,,,,,
hpv16,,,,,,,,,,,,,,,,,,
hpv16,,,,,,,,,,,,,,,,,,
hpv16,,,,,,,,,,,,,,,,,,
"hpv16,hpv58",,,,,,,,,,,,,,,,,,
hpv16,,,,,,,,,,,,,,,,,,
hpv16,,,,,,,,,,,,,,,,,,
"hpv16,hpv58",,,,,,,,,,,,,,,,,,
hpv16,,,,,,,,,,,,,,,,,,
"hpv16,hpv31",,,,,,,,,,,,,,,,,,
hpv16,,,,,,,,,,,,,,,,,,
hpv16,,,,,,,,,,,,,,,,,,
hpv16,,,,,,,,,,,,,,,,,,
hpv16,,,,,,,,,,,,,,,,,,
hpv16,,,,,,,,,,,,,,,,,,
"hpv16,hpv58",,,,,,,,,,,,,,,,,,
hpv16,,,,,,,,,,,,,,,,,,
hpv16,,,,,,,,,,,,,,,,,,
"hpv16,hpv59",,,,,,,,,,,,,,,,,,
hpv16,,,,,,,,,,,,,,,,,,
hpv16,,,,,,,,,,,,,,,,,,
hpv16,,,,,,,,,,,,,,,,,,
hpv16,,,,,,,,,,,,,,,,,,
hpv16,,,,,,,,,,,,,,,,,,
hpv16,,,,,,,,,,,,,,,,,,
hpv16,,,,,,,,,,,,,,,,,,
hpv16,,,,,,,,,,,,,,,,,,
"hpv16,hpv58",,,,,,,,,,,,,,,,,,
hpv16,,,,,,,,,,,,,,,,,,
hpv16,,,,,,,,,,,,,,,,,,
hpv16,,,,,,,,,,,,,,,,,,
hpv16,,,,,,,,,,,,,,,,,,
"hpv16,hpv58",,,,,,,,,,,,,,,,,,
"hpv16,hpv58",,,,,,,,,,,,,,,,,,
hpv18,,,,,,,,,,,,,,,,,,
"hpv16,hpv31",,,,,,,,,,,,,,,,,,
"hpv16,hpv58",,,,,,,,,,,,,,,,,,
hpv16,,,,,,,,,,,,,,,,,,
hpv16,,,,,,,,,,,,,,,,,,
"hpv16,hpv18",,,,,,,,,,,,,,,,,,
hpv16,,,,,,,,,,,,,,,,,,
"hpv16,hpv58",,,,,,,,,,,,,,,,,,
hpv16,,,,,,,,,,,,,,,,,,
"hpv16,hpv58",,,,,,,,,,,,,,,,,,
"hpv16,hpv33",,,,,,,,,,,,,,,,,,
"hpv16,hpv59",,,,,,,,,,,,,,,,,,
hpv16,,,,,,,,,,,,,,,,,,
hpv16,,,,,,,,,,,,,,,,,,
hpv16,,,,,,,,,,,,,,,,,,
hpv16,,,,,,,,,,,,,,,,,,
hpv16,,,,,,,,,,,,,,,,,,
hpv16,,,,,,,,,,,,,,,,,,
hpv16,,,,,,,,,,,,,,,,,,
hpv16,,,,,,,,,,,,,,,,,,
hpv16,,,,,,,,,,,,,,,,,,
hpv16,,,,,,,,,,,,,,,,,,
hpv58,,,,,,,,,,,,,,,,,,
hpv16,,,,,,,,,,,,,,,,,,
hpv16,,,,,,,,,,,,,,,,,,
hpv16,,,,,,,,,,,,,,,,,,
hpv16,,,,,,,,,,,,,,,,,,
hpv16,,,,,,,,,,,,,,,,,,
hpv16,,,,,,,,,,,,,,,,,,
"hpv16,hpv31",,,,,,,,,,,,,,,,,,
hpv16,,,,,,,,,,,,,,,,,,
hpv16,,,,,,,,,,,,,,,,,,
"hpv11,hpv16,hpv18,hpv58,hpv59",,,,,,,,,,,,,,,,,,
"hpv11,hpv16,hpv18,hpv58,hpv59",,,,,,,,,,,,,,,,,,
"hpv16,hpv58",,,,,,,,,,,,,,,,,,
"hpv16,hpv58",,,,,,,,,,,,,,,,,,
"hpv16,hpv31",,,,,,,,,,,,,,,,,,
hpv16,,,,,,,,,,,,,,,,,,
hpv16,,,,,,,,,,,,,,,,,,
hpv16,,,,,,,,,,,,,,,,,,
"hpv16,hpv58",,,,,,,,,,,,,,,,,,
hpv16,,,,,,,,,,,,,,,,,,
hpv16,,,,,,,,,,,,,,,,,,
hpv16,,,,,,,,,,,,,,,,,,
hpv16,,,,,,,,,,,,,,,,,,
"hpv16,hpv18",,,,,,,,,,,,,,,,,,
hpv16,,,,,,,,,,,,,,,,,,
"hpv16,hpv31",,,,,,,,,,,,,,,,,,
hpv16,,,,,,,,,,,,,,,,,,
"hpv16,hpv58",,,,,,,,,,,,,,,,,,
hpv16,,,,,,,,,,,,,,,,,,
"hpv16,hpv58",,,,,,,,,,,,,,,,,,
"hpv16,hpv18,hpv31,hpv52",,,,,,,,,,,,,,,,,,
hpv16,,,,,,,,,,,,,,,,,,
hpv16,,,,,,,,,,,,,,,,,,
"hpv16,hpv31",,,,,,,,,,,,,,,,,,
hpv16,,,,,,,,,,,,,,,,,,
"hpv16,hpv58",,,,,,,,,,,,,,,,,,
"hpv16,hpv31",,,,,,,,,,,,,,,,,,
hpv16,,,,,,,,,,,,,,,,,,
hpv16,,,,,,,,,,,,,,,,,,
"hpv16,hpv58",,,,,,,,,,,,,,,,,,
"hpv16,hpv31",,,,,,,,,,,,,,,,,,
"hpv16,hpv31",,,,,,,,,,,,,,,,,,
hpv16,,,,,,,,,,,,,,,,,,
hpv16,,,,,,,,,,,,,,,,,,
hpv16,,,,,,,,,,,,,,,,,,
"hpv16,hpv31",,,,,,,,,,,,,,,,,,
hpv16,,,,,,,,,,,,,,,,,,
"hpv16,hpv58",,,,,,,,,,,,,,,,,,
hpv16,,,,,,,,,,,,,,,,,,
hpv16,,,,,,,,,,,,,,,,,,
hpv16,,,,,,,,,,,,,,,,,,
hpv16,,,,,,,,,,,,,,,,,,
hpv16,,,,,,,,,,,,,,,,,,
hpv16,,,,,,,,,,,,,,,,,,
hpv16,,,,,,,,,,,,,,,,,,
hpv16,,,,,,,,,,,,,,,,,,
hpv16,,,,,,,,,,,,,,,,,,
"hpv16,hpv31",,,,,,,,,,,,,,,,,,
hpv16,,,,,,,,,,,,,,,,,,
"hpv16,hpv58",,,,,,,,,,,,,,,,,,
